cve_id,published,date_added,delay_days,cvss_v31_score,cvss_v31_severity,cvss_source,cvss_is_primary,vendor,product,cwe,known_ransomware,in_primary_sample
CVE-2002-0367,2002-06-25,2022-03-03,7191,7.8,HIGH,nvd@nist.gov,1,Microsoft,Windows,,Unknown,0
CVE-2004-0210,2004-08-06,2022-03-03,6418,7.8,HIGH,nvd@nist.gov,1,Microsoft,Windows,CWE-120,Unknown,0
CVE-2004-1464,2004-12-31,2023-05-19,6713,5.9,MEDIUM,nvd@nist.gov,1,Cisco,IOS,,Unknown,0
CVE-2005-2773,2005-09-02,2022-03-25,6048,9.8,CRITICAL,nvd@nist.gov,1,Hewlett Packard (HP),OpenView Network Node Manager,,Unknown,0
CVE-2006-1547,2006-03-30,2022-01-21,5776,7.5,HIGH,nvd@nist.gov,1,Apache,Struts 1,,Unknown,0
CVE-2006-2492,2006-05-20,2022-06-08,5863,8.8,HIGH,nvd@nist.gov,1,Microsoft,Word,CWE-120,Unknown,0
CVE-2007-0671,2007-02-03,2025-08-12,6765,8.8,HIGH,134c704f-9b21-4f2e-91b3-4a467353bcc0,0,Microsoft,Office,,Unknown,0
CVE-2007-3010,2007-09-18,2022-04-15,5323,9.8,CRITICAL,nvd@nist.gov,1,Alcatel,OmniPCX Enterprise,CWE-20,Unknown,0
CVE-2007-5659,2008-02-12,2022-06-08,5230,7.8,HIGH,nvd@nist.gov,1,Adobe,Acrobat and Reader,CWE-119,Unknown,0
CVE-2008-0015,2009-07-07,2026-02-17,6069,8.8,HIGH,134c704f-9b21-4f2e-91b3-4a467353bcc0,0,Microsoft,Windows,,Unknown,0
CVE-2008-0655,2008-02-07,2022-06-08,5235,8.8,HIGH,nvd@nist.gov,1,Adobe,Acrobat and Reader,,Unknown,0
CVE-2008-2992,2008-11-04,2022-03-03,4867,7.8,HIGH,nvd@nist.gov,1,Adobe,Acrobat and Reader,CWE-119,Known,0
CVE-2008-3431,2008-08-05,2022-03-03,4958,8.8,HIGH,nvd@nist.gov,1,Oracle,VirtualBox,CWE-264,Unknown,0
CVE-2008-4128,2008-09-18,2026-07-13,6507,4.3,MEDIUM,134c704f-9b21-4f2e-91b3-4a467353bcc0,0,Cisco,IOS,CWE-352,Unknown,0
CVE-2008-4250,2008-10-23,2026-05-20,6418,9.8,CRITICAL,134c704f-9b21-4f2e-91b3-4a467353bcc0,0,Microsoft,Windows,CWE-94,Unknown,0
CVE-2009-0238,2009-02-25,2026-04-14,6257,8.8,HIGH,134c704f-9b21-4f2e-91b3-4a467353bcc0,0,Microsoft,Office,CWE-94,Unknown,0
CVE-2009-0556,2009-04-03,2026-01-07,6123,8.8,HIGH,134c704f-9b21-4f2e-91b3-4a467353bcc0,0,Microsoft,Office,CWE-94,Unknown,0
CVE-2009-0557,2009-06-10,2022-06-08,4746,7.8,HIGH,nvd@nist.gov,1,Microsoft,Office,CWE-94,Unknown,0
CVE-2009-0563,2009-06-10,2022-06-08,4746,7.8,HIGH,nvd@nist.gov,1,Microsoft,Office,CWE-119,Unknown,0
CVE-2009-0927,2009-03-19,2022-03-25,4754,8.8,HIGH,nvd@nist.gov,1,Adobe,Reader and Acrobat,CWE-20,Unknown,0
CVE-2009-1123,2009-06-10,2022-03-03,4649,7.8,HIGH,nvd@nist.gov,1,Microsoft,Windows,CWE-20,Unknown,0
CVE-2009-1151,2009-03-26,2022-03-25,4747,9.8,CRITICAL,nvd@nist.gov,1,phpMyAdmin,phpMyAdmin,CWE-94,Unknown,0
CVE-2009-1537,2009-05-29,2026-05-20,6200,8.8,HIGH,134c704f-9b21-4f2e-91b3-4a467353bcc0,0,Microsoft,DirectX,,Unknown,0
CVE-2009-1862,2009-07-23,2022-06-08,4703,7.8,HIGH,nvd@nist.gov,1,Adobe,"Acrobat and Reader, Flash Player",CWE-94,Unknown,0
CVE-2009-2055,2009-08-19,2022-03-25,4601,5.9,MEDIUM,134c704f-9b21-4f2e-91b3-4a467353bcc0,0,Cisco,IOS XR,CWE-20,Unknown,0
CVE-2009-3129,2009-11-11,2022-03-03,4495,7.8,HIGH,nvd@nist.gov,1,Microsoft,Excel,CWE-94,Unknown,0
CVE-2009-3459,2009-10-13,2026-05-20,6063,8.8,HIGH,134c704f-9b21-4f2e-91b3-4a467353bcc0,0,Adobe,Acrobat and Reader,CWE-119,Unknown,0
CVE-2009-3953,2010-01-13,2022-06-08,4529,8.8,HIGH,nvd@nist.gov,1,Adobe,Acrobat and Reader,CWE-119,Unknown,0
CVE-2009-3960,2010-02-15,2022-03-07,4403,6.5,MEDIUM,nvd@nist.gov,1,Adobe,BlazeDS,,Known,0
CVE-2009-4324,2009-12-15,2022-06-08,4558,7.8,HIGH,nvd@nist.gov,1,Adobe,Acrobat and Reader,CWE-399,Unknown,0
CVE-2010-0188,2010-02-22,2022-03-03,4392,7.8,HIGH,nvd@nist.gov,1,Adobe,Reader and Acrobat,CWE-94,Known,0
CVE-2010-0232,2010-01-21,2022-03-03,4424,7.8,HIGH,nvd@nist.gov,1,Microsoft,Windows,CWE-264,Unknown,0
CVE-2010-0249,2010-01-15,2026-05-20,5969,8.8,HIGH,nvd@nist.gov,1,Microsoft,Internet Explorer,CWE-416,Unknown,0
CVE-2010-0738,2010-04-28,2022-05-25,4410,5.3,MEDIUM,nvd@nist.gov,1,Red Hat,JBoss,CWE-264,Known,0
CVE-2010-0806,2010-03-10,2026-05-20,5915,8.8,HIGH,134c704f-9b21-4f2e-91b3-4a467353bcc0,0,Microsoft,Internet Explorer,CWE-399,Unknown,0
CVE-2010-0840,2010-04-01,2022-05-25,4437,9.8,CRITICAL,nvd@nist.gov,1,Oracle,Java Runtime Environment (JRE),,Unknown,0
CVE-2010-1297,2010-06-08,2022-06-08,4383,7.8,HIGH,nvd@nist.gov,1,Adobe,Flash Player,CWE-787,Unknown,0
CVE-2010-1428,2010-04-28,2022-05-25,4410,7.5,HIGH,nvd@nist.gov,1,Red Hat,JBoss,CWE-264,Known,0
CVE-2010-1871,2010-08-05,2021-12-10,4145,8.8,HIGH,nvd@nist.gov,1,Red Hat,JBoss Seam 2,CWE-20,Unknown,0
CVE-2010-2568,2010-07-22,2022-09-15,4438,7.8,HIGH,134c704f-9b21-4f2e-91b3-4a467353bcc0,0,Microsoft,Windows,CWE-20,Unknown,0
CVE-2010-2572,2010-11-10,2022-06-08,4228,7.8,HIGH,nvd@nist.gov,1,Microsoft,PowerPoint,CWE-119,Unknown,0
CVE-2010-2861,2010-08-11,2022-03-25,4244,9.8,CRITICAL,nvd@nist.gov,1,Adobe,ColdFusion,CWE-22,Known,0
CVE-2010-2883,2010-09-09,2022-06-08,4290,7.3,HIGH,nvd@nist.gov,1,Adobe,Acrobat and Reader,CWE-119,Unknown,0
CVE-2010-3035,2010-08-30,2022-03-25,4225,7.5,HIGH,nvd@nist.gov,1,Cisco,IOS XR,CWE-20,Unknown,0
CVE-2010-3333,2010-11-10,2022-03-03,4131,7.8,HIGH,nvd@nist.gov,1,Microsoft,Office,CWE-119,Unknown,0
CVE-2010-3765,2010-10-28,2025-10-06,5457,9.8,CRITICAL,134c704f-9b21-4f2e-91b3-4a467353bcc0,0,Mozilla,Multiple Products,,Unknown,0
CVE-2010-3904,2010-12-06,2023-05-12,4540,7.8,HIGH,nvd@nist.gov,1,Linux,Kernel,CWE-20,Unknown,0
CVE-2010-3962,2010-11-05,2025-10-06,5449,8.1,HIGH,134c704f-9b21-4f2e-91b3-4a467353bcc0,0,Microsoft,Internet Explorer,,Unknown,0
CVE-2010-4344,2010-12-14,2022-03-25,4119,9.8,CRITICAL,nvd@nist.gov,1,Exim,Exim,CWE-119,Unknown,0
CVE-2010-4345,2010-12-14,2022-03-25,4119,7.8,HIGH,nvd@nist.gov,1,Exim,Exim,CWE-264,Unknown,0
CVE-2010-4398,2010-12-06,2022-03-28,4130,7.8,HIGH,nvd@nist.gov,1,Microsoft,Windows,CWE-119,Unknown,0
CVE-2010-5326,2016-05-13,2021-11-03,2000,10.0,CRITICAL,nvd@nist.gov,1,SAP,NetWeaver,,Unknown,0
CVE-2010-5330,2019-06-11,2022-04-15,1039,9.8,CRITICAL,nvd@nist.gov,1,Ubiquiti,AirOS,CWE-77,Unknown,0
CVE-2011-0609,2011-03-15,2022-06-08,4103,7.8,HIGH,nvd@nist.gov,1,Adobe,Flash Player,,Unknown,0
CVE-2011-0611,2011-04-13,2022-03-03,3977,8.8,HIGH,nvd@nist.gov,1,Adobe,Flash Player,CWE-843,Unknown,0
CVE-2011-1823,2011-06-09,2022-09-08,4109,7.8,HIGH,nvd@nist.gov,1,Android,Android OS,CWE-189,Unknown,0
CVE-2011-1889,2011-06-16,2022-03-03,3913,9.8,CRITICAL,nvd@nist.gov,1,Microsoft,Forefront Threat Management Gateway (TMG),CWE-119,Unknown,0
CVE-2011-2005,2011-10-12,2022-03-28,3820,7.8,HIGH,nvd@nist.gov,1,Microsoft,Ancillary Function Driver (afd.sys),CWE-264,Unknown,0
CVE-2011-2462,2011-12-07,2022-06-08,3836,9.8,CRITICAL,nvd@nist.gov,1,Adobe,Reader and Acrobat,CWE-787,Unknown,0
CVE-2011-3402,2011-11-04,2025-10-06,5085,8.8,HIGH,nvd@nist.gov,1,Microsoft,Windows,,Unknown,0
CVE-2011-3544,2011-10-19,2022-03-03,3788,9.8,CRITICAL,nvd@nist.gov,1,Oracle,Java SE JDK and JRE,,Unknown,0
CVE-2011-4723,2011-12-20,2022-09-08,3915,5.7,MEDIUM,134c704f-9b21-4f2e-91b3-4a467353bcc0,0,D-Link,DIR-300 Router,CWE-310,Unknown,0
CVE-2012-0151,2012-04-10,2022-06-08,3711,7.8,HIGH,nvd@nist.gov,1,Microsoft,Windows,CWE-20,Unknown,0
CVE-2012-0158,2012-04-10,2021-11-03,3494,8.8,HIGH,nvd@nist.gov,1,Microsoft,MSCOMCTL.OCX,CWE-94,Known,0
CVE-2012-0391,2012-01-08,2022-01-21,3666,9.8,CRITICAL,nvd@nist.gov,1,Apache,Struts 2,CWE-20,Unknown,0
CVE-2012-0507,2012-06-07,2022-03-03,3556,9.8,CRITICAL,134c704f-9b21-4f2e-91b3-4a467353bcc0,0,Oracle,Java SE,,Known,0
CVE-2012-0518,2012-10-16,2022-03-28,3450,4.7,MEDIUM,nvd@nist.gov,1,Oracle,Fusion Middleware,CWE-601,Unknown,0
CVE-2012-0754,2012-02-16,2022-06-08,3765,8.1,HIGH,nvd@nist.gov,1,Adobe,Flash Player,CWE-787,Unknown,0
CVE-2012-0767,2012-02-16,2022-06-08,3765,6.1,MEDIUM,nvd@nist.gov,1,Adobe,Flash Player,CWE-79,Unknown,0
CVE-2012-1535,2012-08-15,2022-03-03,3487,7.8,HIGH,nvd@nist.gov,1,Adobe,Flash Player,,Unknown,0
CVE-2012-1710,2012-05-03,2022-05-25,3674,9.8,CRITICAL,nvd@nist.gov,1,Oracle,Fusion Middleware,,Known,0
CVE-2012-1723,2012-06-16,2022-03-03,3547,9.8,CRITICAL,134c704f-9b21-4f2e-91b3-4a467353bcc0,0,Oracle,Java SE,,Known,0
CVE-2012-1823,2012-05-11,2022-03-25,3605,9.8,CRITICAL,134c704f-9b21-4f2e-91b3-4a467353bcc0,0,PHP,PHP,CWE-20,Unknown,0
CVE-2012-1854,2012-07-10,2026-04-13,5025,7.8,HIGH,134c704f-9b21-4f2e-91b3-4a467353bcc0,0,Microsoft,Visual Basic for Applications (VBA),CWE-426,Unknown,0
CVE-2012-1856,2012-08-15,2022-03-03,3487,8.8,HIGH,nvd@nist.gov,1,Microsoft,Office,CWE-94,Unknown,0
CVE-2012-1889,2012-06-13,2022-06-08,3647,8.8,HIGH,nvd@nist.gov,1,Microsoft,XML Core Services,CWE-119,Unknown,0
CVE-2012-2034,2012-06-09,2022-03-28,3579,7.5,HIGH,nvd@nist.gov,1,Adobe,Flash Player,CWE-119,Unknown,0
CVE-2012-2539,2012-12-12,2022-03-28,3393,7.8,HIGH,134c704f-9b21-4f2e-91b3-4a467353bcc0,0,Microsoft,Word,CWE-399,Unknown,0
CVE-2012-3152,2012-10-16,2021-11-03,3305,9.1,CRITICAL,nvd@nist.gov,1,Oracle,Fusion Middleware,,Unknown,0
CVE-2012-4681,2012-08-28,2022-03-03,3474,9.8,CRITICAL,nvd@nist.gov,1,Oracle,Java SE,,Known,0
CVE-2012-4792,2012-12-30,2024-07-23,4223,8.8,HIGH,nvd@nist.gov,1,Microsoft,Internet Explorer,CWE-416,Unknown,0
CVE-2012-4969,2012-09-18,2022-06-08,3550,8.1,HIGH,nvd@nist.gov,1,Microsoft,Internet Explorer,,Unknown,0
CVE-2012-5054,2012-09-24,2022-06-08,3544,8.8,HIGH,nvd@nist.gov,1,Adobe,Flash Player,CWE-189,Unknown,0
CVE-2012-5076,2012-10-16,2022-03-28,3450,9.8,CRITICAL,134c704f-9b21-4f2e-91b3-4a467353bcc0,0,Oracle,Java SE,,Unknown,0
CVE-2013-0074,2013-03-13,2022-05-25,3360,7.8,HIGH,nvd@nist.gov,1,Microsoft,Silverlight,,Known,0
CVE-2013-0422,2013-01-10,2022-05-25,3422,9.8,CRITICAL,134c704f-9b21-4f2e-91b3-4a467353bcc0,0,Oracle,Java Runtime Environment (JRE),CWE-264,Known,0
CVE-2013-0431,2013-01-31,2022-05-25,3401,5.3,MEDIUM,134c704f-9b21-4f2e-91b3-4a467353bcc0,0,Oracle,Java Runtime Environment (JRE),,Known,0
CVE-2013-0625,2013-01-09,2022-03-07,3344,9.8,CRITICAL,nvd@nist.gov,1,Adobe,ColdFusion,CWE-255,Unknown,0
CVE-2013-0629,2013-01-09,2022-03-07,3344,7.5,HIGH,nvd@nist.gov,1,Adobe,ColdFusion,CWE-264,Unknown,0
CVE-2013-0631,2013-01-09,2022-03-07,3344,7.5,HIGH,nvd@nist.gov,1,Adobe,ColdFusion,CWE-200,Unknown,0
CVE-2013-0632,2013-01-17,2022-03-03,3332,9.8,CRITICAL,nvd@nist.gov,1,Adobe,ColdFusion,CWE-200,Unknown,0
CVE-2013-0640,2013-02-14,2022-03-03,3304,7.8,HIGH,nvd@nist.gov,1,Adobe,Reader and Acrobat,CWE-787,Unknown,0
CVE-2013-0641,2013-02-14,2022-03-03,3304,7.8,HIGH,nvd@nist.gov,1,Adobe,Reader,CWE-120,Unknown,0
CVE-2013-0643,2013-02-27,2024-09-17,4220,8.8,HIGH,nvd@nist.gov,1,Adobe,Flash Player,CWE-264,Unknown,0
CVE-2013-0648,2013-02-27,2024-09-17,4220,8.8,HIGH,nvd@nist.gov,1,Adobe,Flash Player,,Unknown,0
CVE-2013-1331,2013-06-12,2022-06-08,3283,7.8,HIGH,nvd@nist.gov,1,Microsoft,Office,CWE-119,Unknown,0
CVE-2013-1347,2013-05-05,2022-03-03,3224,8.8,HIGH,nvd@nist.gov,1,Microsoft,Internet Explorer,CWE-94,Unknown,0
CVE-2013-1675,2013-05-16,2022-03-03,3213,6.5,MEDIUM,nvd@nist.gov,1,Mozilla,Firefox,CWE-119,Unknown,0
CVE-2013-1690,2013-06-26,2022-03-28,3197,8.8,HIGH,nvd@nist.gov,1,Mozilla,Firefox and Thunderbird,CWE-119,Unknown,0
CVE-2013-2094,2013-05-14,2022-09-15,3411,8.4,HIGH,134c704f-9b21-4f2e-91b3-4a467353bcc0,0,Linux,Kernel,CWE-189,Unknown,0
CVE-2013-2251,2013-07-20,2022-03-25,3170,9.8,CRITICAL,nvd@nist.gov,1,Apache,Struts,CWE-20,Unknown,0
CVE-2013-2423,2013-04-17,2022-05-25,3325,3.7,LOW,134c704f-9b21-4f2e-91b3-4a467353bcc0,0,Oracle,Java Runtime Environment (JRE),,Unknown,0
CVE-2013-2465,2013-06-18,2022-03-28,3205,9.8,CRITICAL,134c704f-9b21-4f2e-91b3-4a467353bcc0,0,Oracle,Java SE,,Known,0
CVE-2013-2551,2013-03-11,2022-03-28,3304,8.8,HIGH,nvd@nist.gov,1,Microsoft,Internet Explorer,CWE-416,Known,0
CVE-2013-2596,2013-04-13,2022-09-15,3442,7.8,HIGH,nvd@nist.gov,1,Linux,Kernel,CWE-189,Unknown,0
CVE-2013-2597,2014-08-31,2022-09-15,2937,8.4,HIGH,134c704f-9b21-4f2e-91b3-4a467353bcc0,0,Code Aurora,ACDB Audio Driver,CWE-119,Unknown,0
CVE-2013-2729,2013-05-16,2022-03-28,3238,9.8,CRITICAL,nvd@nist.gov,1,Adobe,Reader and Acrobat,CWE-189,Unknown,0
CVE-2013-3163,2013-07-10,2023-03-30,3550,8.8,HIGH,nvd@nist.gov,1,Microsoft,Internet Explorer,CWE-94,Unknown,0
CVE-2013-3346,2013-08-30,2022-03-03,3107,9.8,CRITICAL,nvd@nist.gov,1,Adobe,Reader and Acrobat,CWE-119,Unknown,0
CVE-2013-3660,2013-05-24,2022-03-28,3230,7.8,HIGH,nvd@nist.gov,1,Microsoft,Win32k,CWE-119,Unknown,0
CVE-2013-3893,2013-09-18,2025-08-12,4346,8.8,HIGH,134c704f-9b21-4f2e-91b3-4a467353bcc0,0,Microsoft,Internet Explorer,CWE-399,Unknown,0
CVE-2013-3896,2013-10-09,2022-05-25,3150,5.5,MEDIUM,nvd@nist.gov,1,Microsoft,Silverlight,CWE-20,Unknown,0
CVE-2013-3897,2013-10-09,2022-03-03,3067,8.8,HIGH,nvd@nist.gov,1,Microsoft,Internet Explorer,CWE-399,Unknown,0
CVE-2013-3900,2013-12-11,2022-01-10,2952,8.8,HIGH,nvd@nist.gov,1,Microsoft,WinVerifyTrust function,CWE-20,Unknown,0
CVE-2013-3906,2013-11-06,2022-02-15,3023,7.8,HIGH,nvd@nist.gov,1,Microsoft,Graphics Component,CWE-94,Unknown,0
CVE-2013-3918,2013-11-12,2025-10-06,4346,8.8,HIGH,nvd@nist.gov,1,Microsoft,Windows,,Unknown,0
CVE-2013-3993,2014-07-07,2022-05-25,2879,6.5,MEDIUM,134c704f-9b21-4f2e-91b3-4a467353bcc0,0,IBM,InfoSphere BigInsights,CWE-264,Known,0
CVE-2013-4810,2013-09-16,2022-03-25,3112,9.8,CRITICAL,nvd@nist.gov,1,Hewlett Packard (HP),"ProCurve Manager (PCM), PCM+, Identity Driven Manager (IDM), and Application Lifecycle Management",CWE-94,Unknown,0
CVE-2013-5065,2013-11-28,2022-03-03,3017,7.8,HIGH,nvd@nist.gov,1,Microsoft,Windows,CWE-20,Unknown,0
CVE-2013-5223,2013-11-19,2022-03-25,3048,5.4,MEDIUM,nvd@nist.gov,1,D-Link,DSL-2760U,CWE-79,Unknown,0
CVE-2013-6282,2013-11-20,2022-09-15,3221,8.8,HIGH,nvd@nist.gov,1,Linux,Kernel,CWE-20,Unknown,0
CVE-2013-7331,2014-02-26,2022-05-25,3010,6.5,MEDIUM,134c704f-9b21-4f2e-91b3-4a467353bcc0,0,Microsoft,Internet Explorer,CWE-200,Unknown,0
CVE-2014-0130,2014-05-07,2022-03-25,2879,7.5,HIGH,nvd@nist.gov,1,Rails,Ruby on Rails,CWE-22,Unknown,0
CVE-2014-0160,2014-04-07,2022-05-04,2949,7.5,HIGH,nvd@nist.gov,1,OpenSSL,OpenSSL,CWE-125,Unknown,0
CVE-2014-0196,2014-05-07,2023-05-12,3292,5.5,MEDIUM,134c704f-9b21-4f2e-91b3-4a467353bcc0,0,Linux,Kernel,CWE-362,Unknown,0
CVE-2014-0322,2014-02-14,2022-05-04,3001,8.8,HIGH,nvd@nist.gov,1,Microsoft,Internet Explorer,CWE-416,Unknown,0
CVE-2014-0496,2014-01-15,2022-03-03,2969,8.8,HIGH,134c704f-9b21-4f2e-91b3-4a467353bcc0,0,Adobe,Reader and Acrobat,CWE-399,Unknown,0
CVE-2014-0497,2014-02-05,2024-09-17,3877,9.8,CRITICAL,nvd@nist.gov,1,Adobe,Flash Player,CWE-191,Unknown,0
CVE-2014-0502,2014-02-21,2024-09-17,3861,8.8,HIGH,nvd@nist.gov,1,Adobe,Flash Player,CWE-399,Unknown,0
CVE-2014-0546,2014-08-12,2022-05-25,2843,9.8,CRITICAL,nvd@nist.gov,1,Adobe,Reader and Acrobat,,Unknown,0
CVE-2014-0780,2014-04-25,2022-04-15,2912,9.8,CRITICAL,nvd@nist.gov,1,InduSoft,Web Studio,CWE-22,Unknown,0
CVE-2014-100005,2015-01-13,2024-05-16,3411,8.0,HIGH,nvd@nist.gov,1,D-Link,DIR-600 Router,CWE-352,Unknown,0
CVE-2014-1761,2014-03-25,2022-02-15,2884,7.8,HIGH,134c704f-9b21-4f2e-91b3-4a467353bcc0,0,Microsoft,Word,CWE-119,Unknown,0
CVE-2014-1776,2014-04-27,2022-01-28,2833,9.8,CRITICAL,134c704f-9b21-4f2e-91b3-4a467353bcc0,0,Microsoft,Internet Explorer,CWE-416,Unknown,0
CVE-2014-1812,2014-05-14,2021-11-03,2730,8.8,HIGH,134c704f-9b21-4f2e-91b3-4a467353bcc0,0,Microsoft,Windows,CWE-255,Known,0
CVE-2014-2120,2014-03-19,2024-11-12,3891,6.1,MEDIUM,nvd@nist.gov,1,Cisco,Adaptive Security Appliance (ASA),CWE-79,Unknown,0
CVE-2014-2817,2014-08-12,2022-05-25,2843,8.8,HIGH,nvd@nist.gov,1,Microsoft,Internet Explorer,CWE-264,Unknown,0
CVE-2014-3120,2014-07-28,2022-03-25,2797,8.1,HIGH,nvd@nist.gov,1,Elastic,Elasticsearch,CWE-284,Unknown,0
CVE-2014-3153,2014-06-07,2022-05-25,2909,7.8,HIGH,nvd@nist.gov,1,Linux,Kernel,CWE-269,Unknown,0
CVE-2014-3931,2017-03-31,2025-07-07,3020,9.8,CRITICAL,nvd@nist.gov,1,Looking Glass,Multi-Router Looking Glass (MRLG),CWE-119,Unknown,0
CVE-2014-4077,2014-11-11,2022-05-25,2752,7.8,HIGH,nvd@nist.gov,1,Microsoft,Input Method Editor (IME) Japanese,CWE-264,Unknown,0
CVE-2014-4113,2014-10-15,2022-05-04,2758,7.8,HIGH,134c704f-9b21-4f2e-91b3-4a467353bcc0,0,Microsoft,Win32k,CWE-264,Unknown,0
CVE-2014-4114,2014-10-15,2022-03-03,2696,7.8,HIGH,134c704f-9b21-4f2e-91b3-4a467353bcc0,0,Microsoft,Windows,CWE-20,Unknown,0
CVE-2014-4123,2014-10-15,2022-05-25,2779,8.8,HIGH,nvd@nist.gov,1,Microsoft,Internet Explorer,CWE-264,Unknown,0
CVE-2014-4148,2014-10-15,2022-05-25,2779,8.8,HIGH,nvd@nist.gov,1,Microsoft,Windows,CWE-94,Unknown,0
CVE-2014-4404,2014-09-18,2022-02-10,2702,7.8,HIGH,nvd@nist.gov,1,Apple,OS X,CWE-119,Unknown,0
CVE-2014-6271,2014-09-24,2022-01-28,2683,9.8,CRITICAL,nvd@nist.gov,1,GNU,Bourne-Again Shell (Bash),CWE-78,Unknown,0
CVE-2014-6278,2014-09-30,2025-10-02,4020,8.8,HIGH,134c704f-9b21-4f2e-91b3-4a467353bcc0,0,GNU,GNU Bash,CWE-78,Unknown,0
CVE-2014-6287,2014-10-07,2022-03-25,2726,9.8,CRITICAL,nvd@nist.gov,1,Rejetto,HTTP File Server (HFS),CWE-94,Unknown,0
CVE-2014-6324,2014-11-18,2022-03-25,2684,8.8,HIGH,134c704f-9b21-4f2e-91b3-4a467353bcc0,0,Microsoft,Kerberos Key Distribution Center (KDC),CWE-264,Unknown,0
CVE-2014-6332,2014-11-11,2022-03-25,2691,8.8,HIGH,134c704f-9b21-4f2e-91b3-4a467353bcc0,0,Microsoft,Windows,CWE-119,Unknown,0
CVE-2014-6352,2014-10-22,2022-02-25,2683,7.8,HIGH,nvd@nist.gov,1,Microsoft,Windows,CWE-94,Unknown,0
CVE-2014-7169,2014-09-25,2022-01-28,2682,9.8,CRITICAL,nvd@nist.gov,1,GNU,Bourne-Again Shell (Bash),CWE-78,Unknown,0
CVE-2014-8361,2015-05-01,2023-09-18,3062,9.8,CRITICAL,nvd@nist.gov,1,Realtek,SDK,CWE-20,Unknown,0
CVE-2014-8439,2014-11-25,2022-05-25,2738,8.8,HIGH,134c704f-9b21-4f2e-91b3-4a467353bcc0,0,Adobe,Flash Player,CWE-119,Unknown,0
CVE-2014-9163,2014-12-10,2022-04-13,2681,7.8,HIGH,134c704f-9b21-4f2e-91b3-4a467353bcc0,0,Adobe,Flash Player,,Unknown,0
CVE-2015-0016,2015-01-13,2022-05-25,2689,7.8,HIGH,nvd@nist.gov,1,Microsoft,Windows,CWE-22,Unknown,0
CVE-2015-0071,2015-02-11,2022-05-25,2660,6.5,MEDIUM,nvd@nist.gov,1,Microsoft,Internet Explorer,CWE-264,Unknown,0
CVE-2015-0310,2015-01-23,2022-05-25,2679,7.8,HIGH,134c704f-9b21-4f2e-91b3-4a467353bcc0,0,Adobe,Flash Player,CWE-264,Unknown,0
CVE-2015-0311,2015-01-23,2022-04-13,2637,9.8,CRITICAL,nvd@nist.gov,1,Adobe,Flash Player,,Unknown,0
CVE-2015-0313,2015-02-02,2022-04-13,2627,9.8,CRITICAL,nvd@nist.gov,1,Adobe,Flash Player,CWE-416,Unknown,0
CVE-2015-0666,2015-04-03,2022-03-25,2548,7.5,HIGH,134c704f-9b21-4f2e-91b3-4a467353bcc0,0,Cisco,Prime Data Center Network Manager (DCNM),CWE-22,Unknown,0
CVE-2015-1130,2015-04-10,2022-02-10,2498,7.8,HIGH,nvd@nist.gov,1,Apple,OS X,CWE-254,Unknown,0
CVE-2015-1187,2017-09-21,2022-03-25,1646,9.8,CRITICAL,nvd@nist.gov,1,D-Link and TRENDnet,Multiple Devices,CWE-287,Unknown,0
CVE-2015-1427,2015-02-17,2022-03-25,2593,9.8,CRITICAL,nvd@nist.gov,1,Elastic,Elasticsearch,CWE-284,Unknown,0
CVE-2015-1635,2015-04-14,2022-02-10,2494,9.8,CRITICAL,134c704f-9b21-4f2e-91b3-4a467353bcc0,0,Microsoft,HTTP.sys,CWE-94,Unknown,0
CVE-2015-1641,2015-04-14,2021-11-03,2395,7.8,HIGH,nvd@nist.gov,1,Microsoft,Office,CWE-399,Unknown,0
CVE-2015-1642,2015-08-15,2022-03-03,2392,7.8,HIGH,nvd@nist.gov,1,Microsoft,Office,CWE-119,Unknown,0
CVE-2015-1671,2015-05-13,2022-05-25,2569,7.8,HIGH,134c704f-9b21-4f2e-91b3-4a467353bcc0,0,Microsoft,Windows,CWE-19,Unknown,0
CVE-2015-1701,2015-04-21,2022-03-03,2508,7.8,HIGH,nvd@nist.gov,1,Microsoft,Win32k,CWE-264,Known,0
CVE-2015-1769,2015-08-15,2022-05-25,2475,6.6,MEDIUM,134c704f-9b21-4f2e-91b3-4a467353bcc0,0,Microsoft,Windows,CWE-264,Unknown,0
CVE-2015-1770,2015-06-10,2022-03-28,2483,8.8,HIGH,nvd@nist.gov,1,Microsoft,Office,CWE-19,Unknown,0
CVE-2015-2051,2015-02-23,2022-02-10,2544,8.8,HIGH,nvd@nist.gov,1,D-Link,DIR-645 Router,CWE-77,Unknown,0
CVE-2015-2291,2017-08-09,2023-02-10,2011,7.8,HIGH,nvd@nist.gov,1,Intel,Ethernet Diagnostics Driver for Windows,CWE-20,Known,0
CVE-2015-2360,2015-06-10,2022-05-25,2541,8.8,HIGH,134c704f-9b21-4f2e-91b3-4a467353bcc0,0,Microsoft,Win32k,CWE-119,Unknown,0
CVE-2015-2387,2015-07-14,2022-03-03,2424,7.8,HIGH,nvd@nist.gov,1,Microsoft,ATM Font Driver,CWE-264,Unknown,0
CVE-2015-2419,2015-07-14,2022-03-28,2449,8.8,HIGH,nvd@nist.gov,1,Microsoft,Internet Explorer,CWE-119,Unknown,0
CVE-2015-2424,2015-07-14,2022-03-03,2424,8.8,HIGH,134c704f-9b21-4f2e-91b3-4a467353bcc0,0,Microsoft,PowerPoint,CWE-119,Unknown,0
CVE-2015-2425,2015-07-14,2022-05-25,2507,8.8,HIGH,nvd@nist.gov,1,Microsoft,Internet Explorer,CWE-119,Unknown,0
CVE-2015-2426,2015-07-20,2022-03-28,2443,8.8,HIGH,134c704f-9b21-4f2e-91b3-4a467353bcc0,0,Microsoft,Windows,CWE-119,Unknown,0
CVE-2015-2502,2015-08-19,2022-04-13,2429,8.8,HIGH,nvd@nist.gov,1,Microsoft,Internet Explorer,CWE-119,Unknown,0
CVE-2015-2545,2015-09-09,2022-03-03,2367,7.8,HIGH,nvd@nist.gov,1,Microsoft,Office,CWE-20,Unknown,0
CVE-2015-2546,2015-09-09,2022-03-15,2379,8.2,HIGH,134c704f-9b21-4f2e-91b3-4a467353bcc0,0,Microsoft,Win32k,CWE-119,Known,0
CVE-2015-2590,2015-07-16,2022-03-03,2422,9.8,CRITICAL,nvd@nist.gov,1,Oracle,Java SE,,Unknown,0
CVE-2015-3035,2015-04-22,2022-03-25,2529,7.5,HIGH,nvd@nist.gov,1,TP-Link,Multiple Archer Devices,CWE-22,Unknown,0
CVE-2015-3043,2015-04-14,2022-03-03,2515,9.8,CRITICAL,nvd@nist.gov,1,Adobe,Flash Player,CWE-787,Unknown,0
CVE-2015-3113,2015-06-23,2022-04-13,2486,9.8,CRITICAL,nvd@nist.gov,1,Adobe,Flash Player,CWE-119,Unknown,0
CVE-2015-3246,2015-08-11,2026-08-26,4033,5.1,MEDIUM,134c704f-9b21-4f2e-91b3-4a467353bcc0,0,Red Hat,Libuser,,Unknown,0
CVE-2015-4068,2015-05-29,2022-03-25,2492,9.1,CRITICAL,nvd@nist.gov,1,Arcserve,Unified Data Protection (UDP),CWE-22,Unknown,0
CVE-2015-4495,2015-08-08,2022-05-25,2482,8.8,HIGH,nvd@nist.gov,1,Mozilla,Firefox,CWE-200,Unknown,0
CVE-2015-4852,2015-11-18,2021-11-03,2177,9.8,CRITICAL,nvd@nist.gov,1,Oracle,WebLogic Server,CWE-502,Unknown,0
CVE-2015-4902,2015-10-22,2022-03-03,2324,5.3,MEDIUM,134c704f-9b21-4f2e-91b3-4a467353bcc0,0,Oracle,Java SE,,Unknown,0
CVE-2015-5119,2015-07-08,2022-03-03,2430,9.8,CRITICAL,nvd@nist.gov,1,Adobe,Flash Player,CWE-119,Unknown,0
CVE-2015-5122,2015-07-14,2022-04-13,2465,9.8,CRITICAL,nvd@nist.gov,1,Adobe,Flash Player,CWE-416,Unknown,0
CVE-2015-5123,2015-07-14,2022-04-13,2465,9.8,CRITICAL,nvd@nist.gov,1,Adobe,Flash Player,CWE-416,Unknown,0
CVE-2015-5287,2015-12-07,2026-08-26,3915,7.8,HIGH,nvd@nist.gov,1,Red Hat,Automatic Bug Reporting Tool,,Unknown,0
CVE-2015-5317,2015-11-25,2023-05-12,2725,7.5,HIGH,134c704f-9b21-4f2e-91b3-4a467353bcc0,0,Jenkins,Jenkins User Interface (UI),CWE-200,Unknown,0
CVE-2015-6175,2015-12-09,2022-05-25,2359,7.8,HIGH,nvd@nist.gov,1,Microsoft,Windows,CWE-264,Unknown,0
CVE-2015-7450,2016-01-02,2022-01-10,2200,9.8,CRITICAL,nvd@nist.gov,1,IBM,WebSphere Application Server and Server Hypervisor Edition,CWE-94,Unknown,0
CVE-2015-7645,2015-10-15,2022-03-03,2331,7.8,HIGH,nvd@nist.gov,1,Adobe,Flash Player,,Known,0
CVE-2015-7755,2015-12-19,2025-10-02,3575,9.8,CRITICAL,nvd@nist.gov,1,Juniper,ScreenOS,CWE-287,Unknown,0
CVE-2015-8651,2015-12-28,2022-05-25,2340,8.8,HIGH,nvd@nist.gov,1,Adobe,Flash Player,CWE-189,Unknown,0
CVE-2016-0034,2016-01-13,2022-05-25,2324,8.8,HIGH,nvd@nist.gov,1,Microsoft,Silverlight,CWE-20,Known,0
CVE-2016-0040,2016-02-10,2022-03-28,2238,7.8,HIGH,nvd@nist.gov,1,Microsoft,Windows,CWE-264,Unknown,0
CVE-2016-0099,2016-03-09,2022-03-03,2185,7.8,HIGH,nvd@nist.gov,1,Microsoft,Windows,CWE-264,Known,0
CVE-2016-0151,2016-04-12,2022-03-28,2176,7.8,HIGH,nvd@nist.gov,1,Microsoft,Client-Server Run-time Subsystem (CSRSS),CWE-264,Known,0
CVE-2016-0162,2016-04-12,2022-05-24,2233,4.3,MEDIUM,nvd@nist.gov,1,Microsoft,Internet Explorer,CWE-200,Unknown,0
CVE-2016-0165,2016-04-12,2023-06-22,2627,7.8,HIGH,nvd@nist.gov,1,Microsoft,Win32k,CWE-264,Unknown,0
CVE-2016-0167,2016-04-12,2021-11-03,2031,7.8,HIGH,nvd@nist.gov,1,Microsoft,Win32k,CWE-264,Known,0
CVE-2016-0185,2016-05-11,2021-11-03,2002,7.8,HIGH,nvd@nist.gov,1,Microsoft,Windows,CWE-20,Unknown,0
CVE-2016-0189,2016-05-11,2022-03-28,2147,7.5,HIGH,nvd@nist.gov,1,Microsoft,Internet Explorer,CWE-119,Known,0
CVE-2016-0752,2016-02-16,2022-03-25,2229,7.5,HIGH,nvd@nist.gov,1,Rails,Ruby on Rails,CWE-22,Unknown,0
CVE-2016-0984,2016-02-10,2022-05-25,2296,8.8,HIGH,nvd@nist.gov,1,Adobe,Flash Player and AIR,CWE-416,Unknown,0
CVE-2016-10033,2016-12-30,2025-07-07,3111,9.8,CRITICAL,nvd@nist.gov,1,PHP,PHPMailer,CWE-77,Unknown,0
CVE-2016-1010,2016-03-12,2022-05-25,2265,8.8,HIGH,nvd@nist.gov,1,Adobe,Flash Player and AIR,CWE-190,Unknown,0
CVE-2016-10174,2017-01-30,2022-03-25,1880,9.8,CRITICAL,nvd@nist.gov,1,NETGEAR,WNR2000v5 Router,CWE-119,Unknown,0
CVE-2016-1019,2016-04-07,2022-03-03,2156,9.8,CRITICAL,nvd@nist.gov,1,Adobe,Flash Player,,Known,0
CVE-2016-11021,2020-03-09,2022-03-25,746,7.2,HIGH,nvd@nist.gov,1,D-Link,DCS-930L Devices,CWE-78,Unknown,0
CVE-2016-1555,2017-04-21,2022-03-25,1799,9.8,CRITICAL,nvd@nist.gov,1,NETGEAR,Wireless Access Point (WAP) Devices,CWE-77,Unknown,0
CVE-2016-1646,2016-03-29,2022-06-08,2262,8.8,HIGH,nvd@nist.gov,1,Google,Chromium V8,CWE-119,Unknown,0
CVE-2016-20017,2022-10-19,2024-01-08,446,9.8,CRITICAL,nvd@nist.gov,1,D-Link,DSL-2750B Devices,CWE-77,Unknown,1
CVE-2016-2386,2016-02-16,2022-06-09,2305,9.8,CRITICAL,nvd@nist.gov,1,SAP,NetWeaver,CWE-89,Unknown,0
CVE-2016-2388,2016-02-16,2022-06-09,2305,5.3,MEDIUM,nvd@nist.gov,1,SAP,NetWeaver,CWE-200,Unknown,0
CVE-2016-3088,2016-06-01,2022-02-10,2080,9.8,CRITICAL,nvd@nist.gov,1,Apache,ActiveMQ,CWE-20,Unknown,0
CVE-2016-3235,2016-06-16,2021-11-03,1966,7.8,HIGH,nvd@nist.gov,1,Microsoft,Office,CWE-264,Unknown,0
CVE-2016-3298,2016-10-14,2022-05-24,2048,6.5,MEDIUM,nvd@nist.gov,1,Microsoft,Internet Explorer,CWE-200,Unknown,0
CVE-2016-3309,2016-08-09,2022-03-15,2044,7.8,HIGH,nvd@nist.gov,1,Microsoft,Windows,CWE-264,Known,0
CVE-2016-3351,2016-09-14,2022-05-24,2078,6.5,MEDIUM,nvd@nist.gov,1,Microsoft,Internet Explorer and Edge,CWE-200,Known,0
CVE-2016-3393,2016-10-14,2022-05-25,2049,7.8,HIGH,nvd@nist.gov,1,Microsoft,Windows,CWE-284,Unknown,0
CVE-2016-3427,2016-04-21,2023-05-12,2577,9.8,CRITICAL,nvd@nist.gov,1,Oracle,Java SE and JRockit,,Unknown,0
CVE-2016-3643,2016-06-17,2021-11-03,1965,7.8,HIGH,nvd@nist.gov,1,SolarWinds,Virtualization Manager,CWE-264,Unknown,0
CVE-2016-3714,2016-05-05,2024-09-09,3049,8.4,HIGH,nvd@nist.gov,1,ImageMagick,ImageMagick,CWE-20,Unknown,0
CVE-2016-3715,2016-05-05,2021-11-03,2008,5.5,MEDIUM,nvd@nist.gov,1,ImageMagick,ImageMagick,CWE-284,Unknown,0
CVE-2016-3718,2016-05-05,2021-11-03,2008,5.5,MEDIUM,nvd@nist.gov,1,ImageMagick,ImageMagick,CWE-20,Unknown,0
CVE-2016-3976,2016-04-07,2021-11-03,2036,7.5,HIGH,nvd@nist.gov,1,SAP,NetWeaver,CWE-22,Unknown,0
CVE-2016-4117,2016-05-11,2022-03-03,2122,9.8,CRITICAL,nvd@nist.gov,1,Adobe,Flash Player,,Known,0
CVE-2016-4171,2016-06-16,2022-03-25,2108,9.8,CRITICAL,nvd@nist.gov,1,Adobe,Flash Player,,Unknown,0
CVE-2016-4437,2016-06-07,2021-11-03,1975,9.8,CRITICAL,nvd@nist.gov,1,Apache,Shiro,CWE-284,Unknown,0
CVE-2016-4523,2016-06-09,2022-04-15,2136,7.5,HIGH,nvd@nist.gov,1,Trihedral,VTScada (formerly VTS),CWE-119,Unknown,0
CVE-2016-4655,2016-08-25,2022-05-24,2098,5.5,MEDIUM,nvd@nist.gov,1,Apple,iOS,CWE-200,Unknown,0
CVE-2016-4656,2016-08-25,2022-05-24,2098,7.8,HIGH,nvd@nist.gov,1,Apple,iOS,CWE-264,Unknown,0
CVE-2016-4657,2016-08-25,2022-05-24,2098,8.8,HIGH,nvd@nist.gov,1,Apple,iOS,CWE-119,Unknown,0
CVE-2016-5195,2016-11-10,2022-03-03,1939,7.0,HIGH,nvd@nist.gov,1,Linux,Kernel,CWE-362,Unknown,0
CVE-2016-5198,2017-01-19,2022-06-08,1966,8.8,HIGH,nvd@nist.gov,1,Google,Chromium V8,CWE-125,Unknown,0
CVE-2016-6277,2016-12-14,2022-03-07,1909,8.8,HIGH,nvd@nist.gov,1,NETGEAR,Multiple Routers,CWE-352,Unknown,0
CVE-2016-6366,2016-08-18,2022-05-24,2105,8.8,HIGH,nvd@nist.gov,1,Cisco,Adaptive Security Appliance (ASA),CWE-119,Unknown,0
CVE-2016-6367,2016-08-18,2022-05-24,2105,7.8,HIGH,nvd@nist.gov,1,Cisco,Adaptive Security Appliance (ASA),CWE-77,Unknown,0
CVE-2016-6415,2016-09-19,2023-05-19,2433,7.5,HIGH,nvd@nist.gov,1,Cisco,"IOS, IOS XR, and IOS XE",CWE-200,Unknown,0
CVE-2016-7193,2016-10-14,2022-03-03,1966,7.8,HIGH,nvd@nist.gov,1,Microsoft,Office,CWE-119,Unknown,0
CVE-2016-7200,2016-11-10,2022-03-28,1964,8.8,HIGH,nvd@nist.gov,1,Microsoft,Edge,CWE-119,Unknown,0
CVE-2016-7201,2016-11-10,2022-03-28,1964,8.8,HIGH,nvd@nist.gov,1,Microsoft,Edge,CWE-119,Unknown,0
CVE-2016-7255,2016-11-10,2021-11-03,1819,7.8,HIGH,nvd@nist.gov,1,Microsoft,Win32k,CWE-264,Unknown,0
CVE-2016-7256,2016-11-10,2022-05-25,2022,8.8,HIGH,nvd@nist.gov,1,Microsoft,Windows,CWE-284,Unknown,0
CVE-2016-7262,2016-12-20,2022-03-03,1899,7.8,HIGH,nvd@nist.gov,1,Microsoft,Excel,CWE-20,Unknown,0
CVE-2016-7836,2017-06-09,2025-10-14,3049,9.8,CRITICAL,nvd@nist.gov,1,SKYSEA,Client View,CWE-287,Unknown,0
CVE-2016-7855,2016-11-01,2022-03-03,1948,8.8,HIGH,nvd@nist.gov,1,Adobe,Flash Player,CWE-416,Unknown,0
CVE-2016-7892,2016-12-15,2022-03-25,1926,8.8,HIGH,nvd@nist.gov,1,Adobe,Flash Player,CWE-416,Unknown,0
CVE-2016-8562,2016-11-18,2022-03-03,1931,7.5,HIGH,nvd@nist.gov,1,Siemens,SIMATIC CP,CWE-20,Unknown,0
CVE-2016-8735,2017-04-06,2023-05-12,2227,9.8,CRITICAL,nvd@nist.gov,1,Apache,Tomcat,CWE-284,Unknown,0
CVE-2016-9079,2018-06-11,2023-06-22,1837,7.5,HIGH,nvd@nist.gov,1,Mozilla,"Firefox, Firefox ESR, and Thunderbird",CWE-416,Unknown,0
CVE-2016-9563,2016-11-23,2021-11-03,1806,6.5,MEDIUM,nvd@nist.gov,1,SAP,NetWeaver,CWE-611,Unknown,0
CVE-2017-0001,2017-03-17,2022-03-03,1812,7.8,HIGH,nvd@nist.gov,1,Microsoft,Graphics Device Interface (GDI),,Unknown,0
CVE-2017-0005,2017-03-17,2022-05-24,1894,7.8,HIGH,nvd@nist.gov,1,Microsoft,Windows,CWE-119,Unknown,0
CVE-2017-0022,2017-03-17,2022-05-24,1894,6.5,MEDIUM,nvd@nist.gov,1,Microsoft,XML Core Services,CWE-200,Unknown,0
CVE-2017-0037,2017-02-26,2022-03-28,1856,8.1,HIGH,nvd@nist.gov,1,Microsoft,Edge and Internet Explorer,CWE-704,Unknown,0
CVE-2017-0059,2017-03-17,2022-03-28,1837,4.3,MEDIUM,nvd@nist.gov,1,Microsoft,Internet Explorer,CWE-200,Unknown,0
CVE-2017-0101,2017-03-17,2022-03-15,1824,7.8,HIGH,nvd@nist.gov,1,Microsoft,Windows,CWE-119,Known,0
CVE-2017-0143,2017-03-17,2021-11-03,1692,8.8,HIGH,nvd@nist.gov,1,Microsoft,Windows,CWE-20,Known,0
CVE-2017-0144,2017-03-17,2022-02-10,1791,8.8,HIGH,nvd@nist.gov,1,Microsoft,SMBv1,CWE-20,Known,0
CVE-2017-0145,2017-03-17,2022-02-10,1791,8.8,HIGH,nvd@nist.gov,1,Microsoft,SMBv1,CWE-20,Known,0
CVE-2017-0146,2017-03-17,2022-03-25,1834,8.8,HIGH,nvd@nist.gov,1,Microsoft,Windows,CWE-20,Known,0
CVE-2017-0147,2017-03-17,2022-05-24,1894,7.5,HIGH,nvd@nist.gov,1,Microsoft,SMBv1 server,CWE-200,Known,0
CVE-2017-0148,2017-03-17,2022-04-06,1846,8.1,HIGH,nvd@nist.gov,1,Microsoft,SMBv1 server,CWE-20,Known,0
CVE-2017-0149,2017-03-17,2022-05-24,1894,8.8,HIGH,nvd@nist.gov,1,Microsoft,Internet Explorer,CWE-119,Unknown,0
CVE-2017-0199,2017-04-12,2021-11-03,1666,7.8,HIGH,nvd@nist.gov,1,Microsoft,Office and WordPad,,Known,0
CVE-2017-0210,2017-04-12,2022-05-24,1868,8.8,HIGH,nvd@nist.gov,1,Microsoft,Internet Explorer,,Unknown,0
CVE-2017-0213,2017-05-12,2022-03-28,1781,7.3,HIGH,nvd@nist.gov,1,Microsoft,Windows,,Known,0
CVE-2017-0222,2017-05-12,2022-02-25,1750,8.8,HIGH,nvd@nist.gov,1,Microsoft,Internet Explorer,CWE-119,Unknown,0
CVE-2017-0261,2017-05-12,2022-03-03,1756,7.8,HIGH,nvd@nist.gov,1,Microsoft,Office,CWE-416,Unknown,0
CVE-2017-0262,2017-05-12,2022-02-10,1735,7.8,HIGH,nvd@nist.gov,1,Microsoft,Office,,Unknown,0
CVE-2017-0263,2017-05-12,2022-02-10,1735,7.8,HIGH,nvd@nist.gov,1,Microsoft,Win32k,CWE-416,Unknown,0
CVE-2017-1000253,2017-10-05,2024-09-09,2531,7.8,HIGH,nvd@nist.gov,1,Linux,Kernel,CWE-119,Known,0
CVE-2017-1000353,2018-01-29,2025-10-02,2803,9.8,CRITICAL,nvd@nist.gov,1,Jenkins,Jenkins,,Unknown,0
CVE-2017-1000486,2018-01-03,2022-01-10,1468,9.8,CRITICAL,nvd@nist.gov,1,Primetek,Primefaces Application,CWE-326,Unknown,0
CVE-2017-10271,2017-10-19,2022-02-10,1575,7.5,HIGH,nvd@nist.gov,1,Oracle,WebLogic Server,,Known,0
CVE-2017-11292,2017-10-22,2022-03-03,1593,8.8,HIGH,nvd@nist.gov,1,Adobe,Flash Player,CWE-843,Unknown,0
CVE-2017-11317,2017-08-23,2022-04-11,1692,9.8,CRITICAL,nvd@nist.gov,1,Telerik,User Interface (UI) for ASP.NET AJAX,CWE-326,Unknown,0
CVE-2017-11357,2017-08-23,2023-01-26,1982,9.8,CRITICAL,nvd@nist.gov,1,Telerik,User Interface (UI) for ASP.NET AJAX,CWE-20,Known,0
CVE-2017-11774,2017-10-13,2021-11-03,1482,7.8,HIGH,nvd@nist.gov,1,Microsoft,Office,CWE-119,Unknown,0
CVE-2017-11826,2017-10-13,2022-03-03,1602,7.8,HIGH,nvd@nist.gov,1,Microsoft,Office,CWE-119,Unknown,0
CVE-2017-11882,2017-11-15,2021-11-03,1449,7.8,HIGH,nvd@nist.gov,1,Microsoft,Office,CWE-119,Known,0
CVE-2017-12149,2017-10-04,2021-12-10,1528,9.8,CRITICAL,nvd@nist.gov,1,Red Hat,JBoss Application Server,CWE-502,Known,0
CVE-2017-12231,2017-09-29,2022-03-03,1616,7.5,HIGH,nvd@nist.gov,1,Cisco,IOS software,CWE-399,Unknown,0
CVE-2017-12232,2017-09-29,2022-03-03,1616,6.5,MEDIUM,nvd@nist.gov,1,Cisco,IOS software,CWE-399,Unknown,0
CVE-2017-12233,2017-09-29,2022-03-03,1616,7.5,HIGH,nvd@nist.gov,1,Cisco,IOS software,CWE-20,Unknown,0
CVE-2017-12234,2017-09-29,2022-03-03,1616,7.5,HIGH,nvd@nist.gov,1,Cisco,IOS software,CWE-20,Unknown,0
CVE-2017-12235,2017-09-29,2022-03-03,1616,7.5,HIGH,nvd@nist.gov,1,Cisco,IOS software,CWE-20,Unknown,0
CVE-2017-12237,2017-09-29,2022-03-03,1616,7.5,HIGH,nvd@nist.gov,1,Cisco,IOS and IOS XE Software,CWE-399,Unknown,0
CVE-2017-12238,2017-09-29,2022-03-03,1616,6.5,MEDIUM,nvd@nist.gov,1,Cisco,Catalyst 6800 Series Switches,CWE-399,Unknown,0
CVE-2017-12240,2017-09-29,2022-03-03,1616,9.8,CRITICAL,nvd@nist.gov,1,Cisco,IOS and IOS XE Software,CWE-20,Unknown,0
CVE-2017-12319,2018-03-27,2022-03-03,1437,5.9,MEDIUM,nvd@nist.gov,1,Cisco,IOS XE Software,CWE-20,Unknown,0
CVE-2017-12615,2017-09-19,2022-03-25,1648,8.1,HIGH,nvd@nist.gov,1,Apache,Tomcat,CWE-434,Known,0
CVE-2017-12617,2017-10-04,2022-03-25,1633,8.1,HIGH,nvd@nist.gov,1,Apache,Tomcat,CWE-434,Unknown,0
CVE-2017-12637,2017-08-07,2025-03-19,2781,7.5,HIGH,nvd@nist.gov,1,SAP,NetWeaver,CWE-22,Unknown,0
CVE-2017-15944,2017-12-11,2022-08-18,1711,9.8,CRITICAL,nvd@nist.gov,1,Palo Alto Networks,PAN-OS,,Unknown,0
CVE-2017-16651,2017-11-09,2021-11-03,1455,7.8,HIGH,nvd@nist.gov,1,Roundcube,Roundcube Webmail,CWE-552,Unknown,0
CVE-2017-17562,2017-12-12,2021-12-10,1459,8.1,HIGH,nvd@nist.gov,1,Embedthis,GoAhead,CWE-20,Unknown,0
CVE-2017-18362,2019-02-05,2022-05-24,1204,9.8,CRITICAL,nvd@nist.gov,1,Kaseya,Virtual System/Server Administrator (VSA),CWE-89,Known,0
CVE-2017-18368,2019-05-02,2023-08-07,1558,9.8,CRITICAL,nvd@nist.gov,1,Zyxel,P660HN-T1A Routers,CWE-78,Unknown,0
CVE-2017-3066,2017-04-27,2025-02-24,2860,9.8,CRITICAL,nvd@nist.gov,1,Adobe,ColdFusion,CWE-502,Unknown,0
CVE-2017-3506,2017-04-24,2024-06-03,2597,7.4,HIGH,nvd@nist.gov,1,Oracle,WebLogic Server,CWE-78,Unknown,0
CVE-2017-3881,2017-03-17,2022-03-25,1834,9.8,CRITICAL,nvd@nist.gov,1,Cisco,IOS and IOS XE,CWE-20,Unknown,0
CVE-2017-5030,2017-04-24,2022-06-08,1871,8.8,HIGH,nvd@nist.gov,1,Google,Chromium V8,CWE-125,Unknown,0
CVE-2017-5070,2017-10-27,2022-06-08,1685,8.8,HIGH,nvd@nist.gov,1,Google,Chromium V8,CWE-843,Unknown,0
CVE-2017-5521,2017-01-17,2022-09-08,2060,8.1,HIGH,nvd@nist.gov,1,NETGEAR,Multiple Devices,CWE-200,Unknown,0
CVE-2017-5638,2017-03-11,2021-11-03,1698,9.8,CRITICAL,nvd@nist.gov,1,Apache,Struts,CWE-20,Known,0
CVE-2017-5689,2017-05-02,2022-01-28,1732,9.8,CRITICAL,nvd@nist.gov,1,Intel,"Active Management Technology (AMT), Small Business Technology (SBT), and Standard Manageability",,Unknown,0
CVE-2017-6077,2017-02-22,2022-03-07,1839,9.8,CRITICAL,nvd@nist.gov,1,NETGEAR,Wireless Router DGN2200,CWE-78,Unknown,0
CVE-2017-6316,2017-07-20,2022-03-25,1709,9.8,CRITICAL,nvd@nist.gov,1,Citrix,"NetScaler SD-WAN Enterprise, CloudBridge Virtual WAN, and XenMobile Server",CWE-20,Unknown,0
CVE-2017-6327,2017-08-11,2021-11-03,1545,8.8,HIGH,nvd@nist.gov,1,Symantec,Symantec Messaging Gateway,CWE-20,Unknown,0
CVE-2017-6334,2017-03-06,2022-03-25,1845,8.8,HIGH,nvd@nist.gov,1,NETGEAR,DGN2200 Devices,CWE-78,Unknown,0
CVE-2017-6627,2017-09-07,2022-03-03,1638,7.5,HIGH,nvd@nist.gov,1,Cisco,IOS and IOS XE Software,CWE-399,Unknown,0
CVE-2017-6663,2017-08-07,2022-03-03,1669,6.5,MEDIUM,nvd@nist.gov,1,Cisco,IOS and IOS XE Software,,Unknown,0
CVE-2017-6736,2017-07-17,2022-03-03,1690,8.8,HIGH,nvd@nist.gov,1,Cisco,IOS and IOS XE Software,CWE-119,Unknown,0
CVE-2017-6737,2017-07-17,2022-03-03,1690,8.8,HIGH,nvd@nist.gov,1,Cisco,IOS and IOS XE Software,CWE-119,Unknown,0
CVE-2017-6738,2017-07-17,2022-03-03,1690,8.8,HIGH,nvd@nist.gov,1,Cisco,IOS and IOS XE Software,CWE-119,Unknown,0
CVE-2017-6739,2017-07-17,2022-03-03,1690,8.8,HIGH,nvd@nist.gov,1,Cisco,IOS and IOS XE Software,CWE-119,Unknown,0
CVE-2017-6740,2017-07-17,2022-03-03,1690,8.8,HIGH,nvd@nist.gov,1,Cisco,IOS and IOS XE Software,CWE-119,Unknown,0
CVE-2017-6742,2017-07-17,2023-04-19,2102,8.8,HIGH,nvd@nist.gov,1,Cisco,IOS and IOS XE Software,CWE-119,Unknown,0
CVE-2017-6743,2017-07-17,2022-03-03,1690,8.8,HIGH,nvd@nist.gov,1,Cisco,IOS and IOS XE Software,CWE-119,Unknown,0
CVE-2017-6744,2017-07-17,2022-03-03,1690,8.8,HIGH,nvd@nist.gov,1,Cisco,IOS software,CWE-119,Unknown,0
CVE-2017-6862,2017-05-26,2022-06-08,1839,9.8,CRITICAL,nvd@nist.gov,1,NETGEAR,Multiple Devices,CWE-119,Unknown,0
CVE-2017-6884,2017-04-06,2023-09-18,2356,8.8,HIGH,nvd@nist.gov,1,Zyxel,EMG2926 Routers,CWE-78,Known,0
CVE-2017-7269,2017-03-27,2021-11-03,1682,9.8,CRITICAL,nvd@nist.gov,1,Microsoft,Internet Information Services (IIS),CWE-119,Unknown,0
CVE-2017-7494,2017-05-30,2023-03-30,2130,9.8,CRITICAL,nvd@nist.gov,1,Samba,Samba,CWE-94,Known,0
CVE-2017-7921,2017-05-06,2026-03-05,3225,9.8,CRITICAL,nvd@nist.gov,1,Hikvision,Multiple Products,CWE-287,Unknown,0
CVE-2017-8291,2017-04-27,2022-05-24,1853,7.8,HIGH,nvd@nist.gov,1,Artifex,Ghostscript,CWE-704,Unknown,0
CVE-2017-8464,2017-06-15,2022-02-10,1701,8.8,HIGH,nvd@nist.gov,1,Microsoft,Windows,,Unknown,0
CVE-2017-8540,2017-05-26,2022-03-03,1742,7.8,HIGH,nvd@nist.gov,1,Microsoft,Malware Protection Engine,CWE-119,Unknown,0
CVE-2017-8543,2017-06-15,2022-05-24,1804,9.8,CRITICAL,nvd@nist.gov,1,Microsoft,Windows,CWE-281,Unknown,0
CVE-2017-8570,2017-07-11,2022-02-25,1690,7.8,HIGH,nvd@nist.gov,1,Microsoft,Office,,Unknown,0
CVE-2017-8759,2017-09-13,2021-11-03,1512,7.8,HIGH,nvd@nist.gov,1,Microsoft,.NET Framework,CWE-20,Unknown,0
CVE-2017-9248,2017-07-03,2021-11-03,1584,9.8,CRITICAL,nvd@nist.gov,1,Progress,ASP.NET AJAX and Sitefinity,CWE-522,Unknown,0
CVE-2017-9791,2017-07-10,2022-02-10,1676,9.8,CRITICAL,nvd@nist.gov,1,Apache,Struts 1,CWE-20,Unknown,0
CVE-2017-9805,2017-09-15,2021-11-03,1510,8.1,HIGH,nvd@nist.gov,1,Apache,Struts,CWE-502,Unknown,0
CVE-2017-9822,2017-07-20,2021-11-03,1567,8.8,HIGH,nvd@nist.gov,1,DotNetNuke (DNN),DotNetNuke (DNN),CWE-20,Known,0
CVE-2017-9841,2017-06-27,2022-02-15,1694,9.8,CRITICAL,nvd@nist.gov,1,PHPUnit,PHPUnit,CWE-94,Unknown,0
CVE-2018-0125,2018-02-08,2022-03-25,1506,9.8,CRITICAL,nvd@nist.gov,1,Cisco,VPN Routers,CWE-20,Unknown,0
CVE-2018-0147,2018-03-08,2022-03-25,1478,9.8,CRITICAL,nvd@nist.gov,1,Cisco,Secure Access Control System (ACS),CWE-20,Unknown,0
CVE-2018-0151,2018-03-28,2022-03-03,1436,9.8,CRITICAL,nvd@nist.gov,1,Cisco,IOS and IOS XE Software,CWE-119,Unknown,0
CVE-2018-0154,2018-03-28,2022-03-03,1436,7.5,HIGH,nvd@nist.gov,1,Cisco,IOS Software,CWE-399,Unknown,0
CVE-2018-0155,2018-03-28,2022-03-03,1436,8.6,HIGH,nvd@nist.gov,1,Cisco,Catalyst 4500 Series Switches and Cisco Catalyst 4500-X Series Switches,CWE-388,Unknown,0
CVE-2018-0156,2018-03-28,2022-03-03,1436,7.5,HIGH,nvd@nist.gov,1,Cisco,IOS Software and Cisco IOS XE Software,CWE-399,Unknown,0
CVE-2018-0158,2018-03-28,2022-03-03,1436,8.6,HIGH,nvd@nist.gov,1,Cisco,IOS Software and Cisco IOS XE Software,CWE-20,Unknown,0
CVE-2018-0159,2018-03-28,2022-03-03,1436,7.5,HIGH,nvd@nist.gov,1,Cisco,IOS Software and Cisco IOS XE Software,CWE-20,Unknown,0
CVE-2018-0161,2018-03-28,2022-03-03,1436,6.3,MEDIUM,nvd@nist.gov,1,Cisco,IOS Software,CWE-399,Unknown,0
CVE-2018-0167,2018-03-28,2022-03-03,1436,8.8,HIGH,nvd@nist.gov,1,Cisco,"IOS, XR, and XE Software",CWE-119,Unknown,0
CVE-2018-0171,2018-03-28,2021-11-03,1316,9.8,CRITICAL,nvd@nist.gov,1,Cisco,IOS and IOS XE,CWE-20,Unknown,0
CVE-2018-0172,2018-03-28,2022-03-03,1436,8.6,HIGH,nvd@nist.gov,1,Cisco,IOS and IOS XE Software,CWE-20,Unknown,0
CVE-2018-0173,2018-03-28,2022-03-03,1436,8.6,HIGH,nvd@nist.gov,1,Cisco,IOS and IOS XE Software,CWE-20,Unknown,0
CVE-2018-0174,2018-03-28,2022-03-03,1436,8.6,HIGH,nvd@nist.gov,1,Cisco,IOS XE Software,CWE-20,Unknown,0
CVE-2018-0175,2018-03-28,2022-03-03,1436,8.0,HIGH,nvd@nist.gov,1,Cisco,"IOS, XR, and XE Software",CWE-119,Unknown,0
CVE-2018-0179,2018-03-28,2022-03-03,1436,5.9,MEDIUM,nvd@nist.gov,1,Cisco,IOS Software,CWE-399,Unknown,0
CVE-2018-0180,2018-03-28,2022-03-03,1436,5.9,MEDIUM,nvd@nist.gov,1,Cisco,IOS Software,CWE-399,Unknown,0
CVE-2018-0296,2018-06-07,2021-11-03,1245,7.5,HIGH,nvd@nist.gov,1,Cisco,Adaptive Security Appliance (ASA),CWE-20,Unknown,0
CVE-2018-0798,2018-01-10,2021-11-03,1393,8.8,HIGH,nvd@nist.gov,1,Microsoft,Office,CWE-787,Unknown,0
CVE-2018-0802,2018-01-10,2021-11-03,1393,7.8,HIGH,nvd@nist.gov,1,Microsoft,Office,CWE-787,Known,0
CVE-2018-0824,2018-05-09,2024-08-05,2280,8.8,HIGH,nvd@nist.gov,1,Microsoft,Windows,CWE-502,Unknown,0
CVE-2018-1000861,2018-12-10,2022-02-10,1158,9.8,CRITICAL,nvd@nist.gov,1,Jenkins,Jenkins Stapler Web Framework,CWE-502,Unknown,0
CVE-2018-10561,2018-05-04,2022-03-31,1427,9.8,CRITICAL,nvd@nist.gov,1,Dasan,Gigabit Passive Optical Network (GPON) Routers,CWE-287,Unknown,0
CVE-2018-10562,2018-05-04,2022-03-31,1427,9.8,CRITICAL,nvd@nist.gov,1,Dasan,Gigabit Passive Optical Network (GPON) Routers,CWE-78,Known,0
CVE-2018-11138,2018-05-31,2022-03-25,1394,9.8,CRITICAL,nvd@nist.gov,1,Quest,KACE System Management Appliance,CWE-78,Known,0
CVE-2018-11776,2018-08-22,2021-11-03,1169,8.1,HIGH,nvd@nist.gov,1,Apache,Struts,CWE-20,Unknown,0
CVE-2018-1273,2018-04-11,2022-03-25,1444,9.8,CRITICAL,nvd@nist.gov,1,VMware Tanzu,Spring Data Commons,CWE-94,Known,0
CVE-2018-13374,2019-01-22,2022-09-08,1325,4.3,MEDIUM,nvd@nist.gov,1,Fortinet,FortiOS and FortiADC,CWE-732,Known,0
CVE-2018-13379,2019-06-04,2021-11-03,883,9.8,CRITICAL,nvd@nist.gov,1,Fortinet,FortiOS,CWE-22,Known,0
CVE-2018-13382,2019-06-04,2022-01-10,951,7.5,HIGH,nvd@nist.gov,1,Fortinet,FortiOS and FortiProxy,CWE-285,Known,0
CVE-2018-13383,2019-05-29,2022-01-10,957,6.5,MEDIUM,nvd@nist.gov,1,Fortinet,FortiOS and FortiProxy,CWE-787,Known,0
CVE-2018-14558,2018-10-30,2021-11-03,1100,9.8,CRITICAL,nvd@nist.gov,1,Tenda,"AC7, AC9, and AC10 Routers",CWE-78,Unknown,0
CVE-2018-14634,2018-09-25,2026-01-26,2680,,,,,Linux,Kernel,CWE-190,Unknown,0
CVE-2018-14667,2018-11-06,2023-09-28,1787,9.8,CRITICAL,nvd@nist.gov,1,Red Hat,JBoss RichFaces Framework,CWE-94,Unknown,0
CVE-2018-14839,2019-05-14,2022-03-25,1046,9.8,CRITICAL,nvd@nist.gov,1,LG,N1A1 NAS,CWE-78,Unknown,0
CVE-2018-14847,2018-08-02,2021-12-01,1217,9.1,CRITICAL,nvd@nist.gov,1,MikroTik,RouterOS,CWE-22,Unknown,0
CVE-2018-14933,2018-08-04,2024-12-18,2328,9.8,CRITICAL,nvd@nist.gov,1,NUUO,NVRmini Devices,CWE-78,Unknown,0
CVE-2018-15133,2018-08-09,2024-01-16,1986,8.1,HIGH,nvd@nist.gov,1,Laravel,Laravel Framework,CWE-502,Unknown,0
CVE-2018-15811,2019-07-03,2021-11-03,854,7.5,HIGH,nvd@nist.gov,1,DotNetNuke (DNN),DotNetNuke (DNN),CWE-326,Unknown,0
CVE-2018-15961,2018-09-25,2021-11-03,1135,9.8,CRITICAL,nvd@nist.gov,1,Adobe,ColdFusion,CWE-434,Unknown,0
CVE-2018-15982,2019-01-18,2022-02-15,1124,7.8,HIGH,nvd@nist.gov,1,Adobe,Flash Player,CWE-416,Known,0
CVE-2018-17463,2018-11-14,2022-06-08,1302,8.8,HIGH,nvd@nist.gov,1,Google,Chromium V8,,Unknown,0
CVE-2018-17480,2018-12-11,2022-06-08,1275,8.8,HIGH,nvd@nist.gov,1,Google,Chromium V8,CWE-787,Unknown,0
CVE-2018-18325,2019-07-03,2021-11-03,854,7.5,HIGH,nvd@nist.gov,1,DotNetNuke (DNN),DotNetNuke (DNN),CWE-326,Unknown,0
CVE-2018-18809,2019-03-07,2022-12-29,1393,6.5,MEDIUM,nvd@nist.gov,1,TIBCO,JasperReports,CWE-22,Unknown,0
CVE-2018-19320,2018-12-21,2022-10-24,1403,7.8,HIGH,nvd@nist.gov,1,GIGABYTE,Multiple Products,,Known,0
CVE-2018-19321,2018-12-21,2022-10-24,1403,7.8,HIGH,nvd@nist.gov,1,GIGABYTE,Multiple Products,,Known,0
CVE-2018-19322,2018-12-21,2022-10-24,1403,7.8,HIGH,nvd@nist.gov,1,GIGABYTE,Multiple Products,CWE-749,Known,0
CVE-2018-19323,2018-12-21,2022-10-24,1403,9.8,CRITICAL,nvd@nist.gov,1,GIGABYTE,Multiple Products,,Known,0
CVE-2018-19410,2018-11-21,2025-02-04,2267,9.8,CRITICAL,nvd@nist.gov,1,Paessler,PRTG Network Monitor,,Unknown,0
CVE-2018-19943,2020-10-28,2022-05-24,573,5.4,MEDIUM,nvd@nist.gov,1,QNAP,Network Attached Storage (NAS),CWE-79,Known,0
CVE-2018-19949,2020-10-28,2022-05-24,573,9.8,CRITICAL,nvd@nist.gov,1,QNAP,Network Attached Storage (NAS),CWE-20,Known,0
CVE-2018-19953,2020-10-28,2022-05-24,573,6.1,MEDIUM,nvd@nist.gov,1,QNAP,Network Attached Storage (NAS),CWE-79,Known,0
CVE-2018-20062,2018-12-11,2021-11-03,1058,9.8,CRITICAL,nvd@nist.gov,1,ThinkPHP,noneCms,CWE-20,Unknown,0
CVE-2018-20250,2019-02-05,2022-02-15,1106,7.8,HIGH,nvd@nist.gov,1,RARLAB,WinRAR,CWE-36,Known,0
CVE-2018-20753,2019-02-05,2022-04-13,1163,9.8,CRITICAL,nvd@nist.gov,1,Kaseya,Virtual System/Server Administrator (VSA),,Known,0
CVE-2018-2380,2018-03-01,2021-11-03,1343,6.6,MEDIUM,nvd@nist.gov,1,SAP,Customer Relationship Management (CRM),CWE-22,Known,0
CVE-2018-2628,2018-04-19,2022-09-08,1603,9.8,CRITICAL,nvd@nist.gov,1,Oracle,WebLogic Server,CWE-502,Unknown,0
CVE-2018-4063,2019-05-06,2025-12-12,2412,8.8,HIGH,nvd@nist.gov,1,Sierra Wireless,AirLink ALEOS,CWE-434,Unknown,0
CVE-2018-4344,2019-04-03,2022-06-27,1181,7.8,HIGH,nvd@nist.gov,1,Apple,Multiple Products,CWE-119,Unknown,0
CVE-2018-4878,2018-02-06,2021-11-03,1366,7.8,HIGH,nvd@nist.gov,1,Adobe,Flash Player,CWE-416,Known,0
CVE-2018-4939,2018-05-19,2021-11-03,1264,9.8,CRITICAL,nvd@nist.gov,1,Adobe,ColdFusion,CWE-502,Unknown,0
CVE-2018-4990,2018-07-09,2022-06-08,1430,8.8,HIGH,nvd@nist.gov,1,Adobe,Acrobat and Reader,CWE-415,Unknown,0
CVE-2018-5002,2018-07-09,2022-05-23,1414,7.8,HIGH,nvd@nist.gov,1,Adobe,Flash Player,CWE-787,Unknown,0
CVE-2018-5430,2018-04-17,2022-12-29,1717,8.8,HIGH,nvd@nist.gov,1,TIBCO,JasperReports,CWE-22,Unknown,0
CVE-2018-6065,2018-11-14,2022-06-08,1302,8.8,HIGH,nvd@nist.gov,1,Google,Chromium V8,CWE-190,Unknown,0
CVE-2018-6530,2018-03-06,2022-09-08,1647,9.8,CRITICAL,nvd@nist.gov,1,D-Link,Multiple Routers,CWE-78,Known,0
CVE-2018-6789,2018-02-08,2021-11-03,1364,9.8,CRITICAL,nvd@nist.gov,1,Exim,Exim,CWE-119,Known,0
CVE-2018-6882,2018-03-27,2022-04-19,1484,6.1,MEDIUM,nvd@nist.gov,1,Synacor,Zimbra Collaboration Suite (ZCS),CWE-79,Known,0
CVE-2018-6961,2018-06-11,2022-03-25,1383,8.1,HIGH,nvd@nist.gov,1,VMware,SD-WAN Edge,CWE-78,Unknown,0
CVE-2018-7445,2018-03-19,2022-09-08,1634,9.8,CRITICAL,nvd@nist.gov,1,MikroTik,RouterOS,CWE-119,Unknown,0
CVE-2018-7600,2018-03-29,2021-11-03,1315,9.8,CRITICAL,nvd@nist.gov,1,Drupal,Drupal Core,CWE-20,Known,0
CVE-2018-7602,2018-07-19,2022-04-13,1364,9.8,CRITICAL,nvd@nist.gov,1,Drupal,Core,,Known,0
CVE-2018-7841,2019-05-22,2022-04-15,1059,9.8,CRITICAL,nvd@nist.gov,1,Schneider Electric,U.motion Builder,CWE-89,Unknown,0
CVE-2018-8120,2018-05-09,2022-03-15,1406,7.0,HIGH,nvd@nist.gov,1,Microsoft,Win32k,CWE-404,Known,0
CVE-2018-8174,2018-05-09,2022-02-15,1378,7.5,HIGH,nvd@nist.gov,1,Microsoft,Windows,CWE-787,Known,0
CVE-2018-8298,2018-07-11,2022-03-03,1331,7.5,HIGH,nvd@nist.gov,1,ChakraCore,ChakraCore scripting engine,CWE-843,Unknown,0
CVE-2018-8373,2018-08-15,2022-03-25,1318,7.5,HIGH,nvd@nist.gov,1,Microsoft,Internet Explorer Scripting Engine,CWE-787,Unknown,0
CVE-2018-8405,2018-08-15,2022-03-28,1321,7.8,HIGH,nvd@nist.gov,1,Microsoft,DirectX Graphics Kernel (DXGKRNL),CWE-404,Known,0
CVE-2018-8406,2018-08-15,2022-03-28,1321,7.8,HIGH,nvd@nist.gov,1,Microsoft,DirectX Graphics Kernel (DXGKRNL),CWE-404,Known,0
CVE-2018-8414,2018-08-15,2022-03-25,1318,8.8,HIGH,nvd@nist.gov,1,Microsoft,Windows,CWE-20,Unknown,0
CVE-2018-8440,2018-09-13,2022-03-28,1292,7.8,HIGH,nvd@nist.gov,1,Microsoft,Windows,,Known,0
CVE-2018-8453,2018-10-10,2022-01-21,1199,7.8,HIGH,nvd@nist.gov,1,Microsoft,Win32k,CWE-404,Known,0
CVE-2018-8581,2018-11-14,2022-03-03,1205,7.4,HIGH,nvd@nist.gov,1,Microsoft,Exchange Server,,Known,0
CVE-2018-8589,2018-11-14,2022-05-23,1286,7.8,HIGH,nvd@nist.gov,1,Microsoft,Win32k,,Unknown,0
CVE-2018-8611,2018-12-12,2022-05-24,1259,7.8,HIGH,nvd@nist.gov,1,Microsoft,Windows,CWE-404,Unknown,0
CVE-2018-8639,2018-12-12,2025-03-03,2273,7.8,HIGH,nvd@nist.gov,1,Microsoft,Windows,CWE-404,Known,0
CVE-2018-8653,2018-12-20,2021-11-03,1049,7.5,HIGH,nvd@nist.gov,1,Microsoft,Internet Explorer,CWE-787,Unknown,0
CVE-2018-9276,2018-07-02,2025-02-04,2409,7.2,HIGH,nvd@nist.gov,1,Paessler,PRTG Network Monitor,CWE-78,Unknown,0
CVE-2019-0193,2019-08-01,2021-12-10,862,7.2,HIGH,nvd@nist.gov,1,Apache,Solr,CWE-94,Unknown,0
CVE-2019-0211,2019-04-08,2021-11-03,940,7.8,HIGH,nvd@nist.gov,1,Apache,HTTP Server,CWE-416,Unknown,0
CVE-2019-0344,2019-08-14,2024-09-30,1874,9.8,CRITICAL,nvd@nist.gov,1,SAP,Commerce Cloud,CWE-502,Unknown,0
CVE-2019-0541,2019-01-08,2021-11-03,1030,8.8,HIGH,nvd@nist.gov,1,Microsoft,MSHTML,CWE-77,Unknown,0
CVE-2019-0543,2019-01-08,2022-03-15,1162,7.8,HIGH,nvd@nist.gov,1,Microsoft,Windows,CWE-287,Known,0
CVE-2019-0604,2019-03-05,2021-11-03,974,9.8,CRITICAL,nvd@nist.gov,1,Microsoft,SharePoint,CWE-20,Known,0
CVE-2019-0676,2019-03-05,2022-05-23,1175,6.5,MEDIUM,nvd@nist.gov,1,Microsoft,Internet Explorer,,Unknown,0
CVE-2019-0703,2019-04-09,2022-05-23,1140,6.5,MEDIUM,nvd@nist.gov,1,Microsoft,Windows,,Unknown,0
CVE-2019-0708,2019-05-16,2021-11-03,902,9.8,CRITICAL,nvd@nist.gov,1,Microsoft,Remote Desktop Services,CWE-416,Known,0
CVE-2019-0752,2019-04-09,2022-02-15,1043,7.5,HIGH,nvd@nist.gov,1,Microsoft,Internet Explorer,CWE-843,Known,0
CVE-2019-0797,2019-04-09,2021-11-03,939,7.8,HIGH,nvd@nist.gov,1,Microsoft,Win32k,,Unknown,0
CVE-2019-0803,2019-04-09,2021-11-03,939,7.8,HIGH,nvd@nist.gov,1,Microsoft,Win32k,,Known,0
CVE-2019-0808,2019-04-09,2021-11-03,939,7.8,HIGH,nvd@nist.gov,1,Microsoft,Win32k,,Unknown,0
CVE-2019-0841,2019-04-09,2022-03-15,1071,7.8,HIGH,nvd@nist.gov,1,Microsoft,Windows,CWE-59,Known,0
CVE-2019-0859,2019-04-09,2021-11-03,939,7.8,HIGH,nvd@nist.gov,1,Microsoft,Win32k,,Unknown,0
CVE-2019-0863,2019-05-16,2021-11-03,902,7.8,HIGH,nvd@nist.gov,1,Microsoft,Windows,,Unknown,0
CVE-2019-0880,2019-07-15,2022-05-23,1043,7.8,HIGH,nvd@nist.gov,1,Microsoft,Windows,,Unknown,0
CVE-2019-0903,2019-05-16,2022-03-25,1044,8.8,HIGH,nvd@nist.gov,1,Microsoft,Graphics Device Interface (GDI),,Unknown,0
CVE-2019-1003029,2019-03-08,2022-04-25,1144,9.9,CRITICAL,nvd@nist.gov,1,Jenkins,Script Security Plugin,,Unknown,0
CVE-2019-1003030,2019-03-08,2022-03-25,1113,9.9,CRITICAL,nvd@nist.gov,1,Jenkins,Matrix Project Plugin,,Unknown,0
CVE-2019-10068,2019-03-26,2022-03-25,1095,9.8,CRITICAL,nvd@nist.gov,1,Kentico,Xperience,CWE-502,Unknown,0
CVE-2019-10149,2019-06-05,2022-01-10,950,9.8,CRITICAL,nvd@nist.gov,1,Exim,Mail Transfer Agent (MTA),CWE-78,Unknown,0
CVE-2019-1064,2019-06-12,2022-03-15,1007,7.8,HIGH,nvd@nist.gov,1,Microsoft,Windows,CWE-59,Known,0
CVE-2019-1068,2019-07-15,2026-08-26,2599,8.8,HIGH,nvd@nist.gov,1,Microsoft,SQL Server,,Unknown,0
CVE-2019-1069,2019-06-12,2022-03-15,1007,7.8,HIGH,nvd@nist.gov,1,Microsoft,Task Scheduler,CWE-59,Known,0
CVE-2019-10758,2019-12-24,2021-12-10,717,9.9,CRITICAL,nvd@nist.gov,1,MongoDB,mongo-express,,Unknown,0
CVE-2019-11001,2019-04-08,2024-12-18,2081,7.2,HIGH,nvd@nist.gov,1,Reolink,Multiple IP Cameras,CWE-78,Unknown,0
CVE-2019-11043,2019-10-28,2022-03-25,879,9.8,CRITICAL,nvd@nist.gov,1,PHP,FastCGI Process Manager (FPM),CWE-120,Known,0
CVE-2019-1129,2019-07-15,2022-03-15,974,7.8,HIGH,nvd@nist.gov,1,Microsoft,Windows,CWE-59,Known,0
CVE-2019-1130,2019-07-15,2022-05-23,1043,7.8,HIGH,nvd@nist.gov,1,Microsoft,Windows,CWE-59,Known,0
CVE-2019-1132,2019-07-15,2022-03-15,974,7.8,HIGH,nvd@nist.gov,1,Microsoft,Win32k,,Unknown,0
CVE-2019-11510,2019-05-08,2021-11-03,910,10.0,CRITICAL,nvd@nist.gov,1,Ivanti,Pulse Connect Secure,CWE-22,Known,0
CVE-2019-11539,2019-04-26,2021-11-03,922,7.2,HIGH,nvd@nist.gov,1,Ivanti,Pulse Connect Secure and Pulse Policy Secure,CWE-78,Known,0
CVE-2019-11580,2019-06-03,2021-11-03,884,9.8,CRITICAL,nvd@nist.gov,1,Atlassian,Crowd and Crowd Data Center,,Known,0
CVE-2019-11581,2019-08-09,2022-03-07,941,9.8,CRITICAL,nvd@nist.gov,1,Atlassian,Jira Server and Data Center,CWE-74,Unknown,0
CVE-2019-11634,2019-05-22,2021-11-03,896,9.8,CRITICAL,nvd@nist.gov,1,Citrix,Workspace Application and Receiver for Windows,,Known,0
CVE-2019-11707,2019-07-23,2022-05-23,1035,8.8,HIGH,nvd@nist.gov,1,Mozilla,Firefox and Thunderbird,CWE-843,Unknown,0
CVE-2019-11708,2019-07-23,2022-05-23,1035,10.0,CRITICAL,nvd@nist.gov,1,Mozilla,Firefox and Thunderbird,CWE-20,Unknown,0
CVE-2019-1214,2019-09-11,2021-11-03,784,7.8,HIGH,nvd@nist.gov,1,Microsoft,Windows,,Unknown,0
CVE-2019-1215,2019-09-11,2021-11-03,784,7.8,HIGH,nvd@nist.gov,1,Microsoft,Windows,,Known,0
CVE-2019-1253,2019-09-11,2022-03-15,916,7.8,HIGH,nvd@nist.gov,1,Microsoft,Windows,CWE-59,Known,0
CVE-2019-1297,2019-09-11,2022-03-03,904,8.8,HIGH,nvd@nist.gov,1,Microsoft,Excel,,Unknown,0
CVE-2019-12989,2019-07-16,2022-03-25,983,9.8,CRITICAL,nvd@nist.gov,1,Citrix,SD-WAN and NetScaler,CWE-89,Unknown,0
CVE-2019-12991,2019-07-16,2022-03-25,983,8.8,HIGH,nvd@nist.gov,1,Citrix,SD-WAN and NetScaler,CWE-78,Unknown,0
CVE-2019-1315,2019-10-10,2022-03-15,887,7.8,HIGH,nvd@nist.gov,1,Microsoft,Windows,CWE-59,Known,0
CVE-2019-1322,2019-10-10,2022-03-15,887,7.8,HIGH,nvd@nist.gov,1,Microsoft,Windows,,Known,0
CVE-2019-13272,2019-07-17,2021-12-10,877,7.8,HIGH,nvd@nist.gov,1,Linux,Kernel,CWE-269,Unknown,0
CVE-2019-13608,2019-08-29,2021-11-03,797,7.5,HIGH,nvd@nist.gov,1,Citrix,StoreFront Server,CWE-611,Known,0
CVE-2019-1367,2019-09-23,2021-11-03,772,7.5,HIGH,nvd@nist.gov,1,Microsoft,Internet Explorer,CWE-787,Known,0
CVE-2019-13720,2019-11-25,2022-05-23,910,8.8,HIGH,nvd@nist.gov,1,Google,Chrome WebAudio,CWE-416,Unknown,0
CVE-2019-1385,2019-11-12,2022-05-23,923,7.8,HIGH,nvd@nist.gov,1,Microsoft,Windows,CWE-59,Known,0
CVE-2019-1388,2019-11-12,2023-04-07,1242,7.8,HIGH,nvd@nist.gov,1,Microsoft,Windows,CWE-269,Known,0
CVE-2019-1405,2019-11-12,2022-03-15,854,7.8,HIGH,nvd@nist.gov,1,Microsoft,Windows,,Known,0
CVE-2019-1429,2019-11-12,2021-11-03,722,7.5,HIGH,nvd@nist.gov,1,Microsoft,Internet Explorer,CWE-416,Unknown,0
CVE-2019-1458,2019-12-10,2022-01-10,762,7.8,HIGH,nvd@nist.gov,1,Microsoft,Win32k,,Known,0
CVE-2019-15107,2019-08-16,2022-03-25,952,9.8,CRITICAL,nvd@nist.gov,1,Webmin,Webmin,CWE-78,Known,0
CVE-2019-15271,2019-11-26,2022-06-08,925,8.8,HIGH,nvd@nist.gov,1,Cisco,RV Series Routers,CWE-502,Unknown,0
CVE-2019-15752,2019-08-28,2021-11-03,798,7.8,HIGH,nvd@nist.gov,1,Docker,Desktop Community Edition,CWE-732,Unknown,0
CVE-2019-1579,2019-07-19,2022-01-10,906,8.1,HIGH,nvd@nist.gov,1,Palo Alto Networks,PAN-OS,CWE-134,Known,0
CVE-2019-15949,2019-09-05,2021-11-03,790,8.8,HIGH,nvd@nist.gov,1,Nagios,Nagios XI,CWE-78,Unknown,0
CVE-2019-16057,2019-09-16,2022-04-15,942,9.8,CRITICAL,nvd@nist.gov,1,D-Link,DNS-320 Storage Device,CWE-78,Known,0
CVE-2019-16256,2019-09-12,2021-11-03,783,9.8,CRITICAL,nvd@nist.gov,1,SIMalliance,Toolbox Browser,,Unknown,0
CVE-2019-16278,2019-10-14,2024-11-07,1851,9.8,CRITICAL,nvd@nist.gov,1,Nostromo,nhttpd,CWE-22,Unknown,0
CVE-2019-1652,2019-01-24,2022-03-03,1134,7.2,HIGH,nvd@nist.gov,1,Cisco,Small Business RV320 and RV325 Dual Gigabit WAN VPN Routers,CWE-20,Unknown,0
CVE-2019-1653,2019-01-24,2021-11-03,1014,7.5,HIGH,nvd@nist.gov,1,Cisco,Small Business RV320 and RV325 Routers,CWE-284,Unknown,0
CVE-2019-16759,2019-09-24,2021-11-03,771,9.8,CRITICAL,nvd@nist.gov,1,vBulletin,vBulletin,CWE-94,Unknown,0
CVE-2019-16920,2019-09-27,2022-03-25,910,9.8,CRITICAL,nvd@nist.gov,1,D-Link,Multiple Routers,CWE-78,Unknown,0
CVE-2019-16928,2019-09-27,2022-03-03,888,9.8,CRITICAL,nvd@nist.gov,1,Exim,Exim Internet Mailer,CWE-787,Unknown,0
CVE-2019-17026,2020-03-02,2021-11-03,611,8.8,HIGH,nvd@nist.gov,1,Mozilla,Firefox and Thunderbird,CWE-843,Unknown,0
CVE-2019-17558,2019-12-30,2021-11-03,674,7.5,HIGH,nvd@nist.gov,1,Apache,Solr,CWE-74,Unknown,0
CVE-2019-17621,2019-12-30,2023-06-29,1277,9.8,CRITICAL,nvd@nist.gov,1,D-Link,DIR-859 Router,CWE-78,Unknown,0
CVE-2019-18187,2019-10-28,2021-11-03,737,7.5,HIGH,nvd@nist.gov,1,Trend Micro,OfficeScan,CWE-22,Unknown,0
CVE-2019-18426,2020-01-21,2022-05-23,853,8.2,HIGH,nvd@nist.gov,1,Meta Platforms,WhatsApp,CWE-79,Unknown,0
CVE-2019-18935,2019-12-11,2021-11-03,693,9.8,CRITICAL,nvd@nist.gov,1,Progress,Telerik UI for ASP.NET AJAX,CWE-502,Known,0
CVE-2019-18988,2020-02-07,2021-11-03,635,7.0,HIGH,nvd@nist.gov,1,TeamViewer,Desktop,CWE-521,Unknown,0
CVE-2019-19006,2019-11-21,2026-02-03,2266,9.8,CRITICAL,nvd@nist.gov,1,Sangoma,FreePBX,CWE-287,Unknown,0
CVE-2019-19356,2020-02-07,2021-11-03,635,7.5,HIGH,nvd@nist.gov,1,Netis,WF2419 Devices,CWE-78,Unknown,0
CVE-2019-19781,2019-12-27,2021-11-03,677,9.8,CRITICAL,nvd@nist.gov,1,Citrix,"Application Delivery Controller (ADC), Gateway, and SD-WAN WANOP Appliance",CWE-22,Known,0
CVE-2019-20085,2019-12-30,2021-11-03,674,7.5,HIGH,nvd@nist.gov,1,TVT,NVMS-1000,CWE-22,Unknown,0
CVE-2019-20500,2020-03-05,2023-06-29,1211,7.8,HIGH,nvd@nist.gov,1,D-Link,DWL-2600AP Access Point,CWE-78,Unknown,0
CVE-2019-2215,2019-10-11,2021-11-03,754,7.8,HIGH,nvd@nist.gov,1,Android,Android Kernel,CWE-416,Unknown,0
CVE-2019-2616,2019-04-23,2022-03-25,1067,7.2,HIGH,nvd@nist.gov,1,Oracle,BI Publisher (Formerly XML Publisher),,Unknown,0
CVE-2019-2725,2019-04-26,2022-01-10,990,9.8,CRITICAL,nvd@nist.gov,1,Oracle,WebLogic Server,CWE-74,Known,0
CVE-2019-3010,2019-10-16,2022-05-25,952,8.8,HIGH,nvd@nist.gov,1,Oracle,Solaris,,Unknown,0
CVE-2019-3396,2019-03-25,2021-11-03,954,9.8,CRITICAL,nvd@nist.gov,1,Atlassian,Confluence Server and Data Server,CWE-22,Known,0
CVE-2019-3398,2019-04-18,2021-11-03,930,8.8,HIGH,nvd@nist.gov,1,Atlassian,Confluence Server and Data Center,CWE-22,Unknown,0
CVE-2019-3568,2019-05-14,2022-04-19,1071,9.8,CRITICAL,nvd@nist.gov,1,Meta Platforms,WhatsApp,CWE-122,Unknown,0
CVE-2019-3929,2019-04-30,2022-04-15,1081,9.8,CRITICAL,nvd@nist.gov,1,Crestron,Multiple Products,CWE-79,Unknown,0
CVE-2019-4716,2019-12-18,2021-11-03,686,9.8,CRITICAL,nvd@nist.gov,1,IBM,Planning Analytics,CWE-94,Unknown,0
CVE-2019-5418,2019-03-27,2025-07-07,2294,7.5,HIGH,nvd@nist.gov,1,Rails,Ruby on Rails,CWE-22,Unknown,0
CVE-2019-5544,2019-12-06,2021-11-03,698,9.8,CRITICAL,nvd@nist.gov,1,VMware,VMware ESXi and Horizon DaaS,CWE-787,Known,0
CVE-2019-5591,2020-08-14,2021-11-03,446,6.5,MEDIUM,nvd@nist.gov,1,Fortinet,FortiOS,CWE-306,Known,0
CVE-2019-5786,2019-06-27,2022-05-23,1061,6.5,MEDIUM,nvd@nist.gov,1,Google,Chrome Blink,CWE-416,Unknown,0
CVE-2019-5825,2019-11-25,2022-06-08,926,6.5,MEDIUM,nvd@nist.gov,1,Google,Chromium V8,CWE-787,Unknown,0
CVE-2019-6223,2019-03-05,2021-11-03,974,7.5,HIGH,nvd@nist.gov,1,Apple,iOS and macOS,,Unknown,0
CVE-2019-6340,2019-02-21,2022-03-25,1128,8.1,HIGH,nvd@nist.gov,1,Drupal,Core,CWE-502,Unknown,0
CVE-2019-6693,2019-11-21,2025-06-25,2043,6.5,MEDIUM,nvd@nist.gov,1,Fortinet,FortiOS,CWE-798,Known,0
CVE-2019-7192,2019-12-05,2022-06-08,916,9.8,CRITICAL,nvd@nist.gov,1,QNAP,Photo Station,CWE-863,Known,0
CVE-2019-7193,2019-12-05,2022-06-08,916,9.8,CRITICAL,nvd@nist.gov,1,QNAP,QTS,CWE-20,Known,0
CVE-2019-7194,2019-12-05,2022-06-08,916,9.8,CRITICAL,nvd@nist.gov,1,QNAP,Photo Station,CWE-22,Known,0
CVE-2019-7195,2019-12-05,2022-06-08,916,9.8,CRITICAL,nvd@nist.gov,1,QNAP,Photo Station,CWE-22,Known,0
CVE-2019-7238,2019-03-21,2021-12-10,995,9.8,CRITICAL,nvd@nist.gov,1,Sonatype,Nexus Repository Manager,,Unknown,0
CVE-2019-7256,2019-07-02,2024-03-25,1728,9.8,CRITICAL,nvd@nist.gov,1,Nice,Linear eMerge E3-Series,CWE-78,Unknown,0
CVE-2019-7286,2019-12-18,2022-05-23,887,7.8,HIGH,nvd@nist.gov,1,Apple,Multiple Products,CWE-787,Unknown,0
CVE-2019-7287,2019-12-18,2022-05-23,887,7.8,HIGH,nvd@nist.gov,1,Apple,iOS,CWE-787,Unknown,0
CVE-2019-7481,2019-12-17,2021-11-03,687,7.5,HIGH,nvd@nist.gov,1,SonicWall,SMA100,CWE-89,Known,0
CVE-2019-7483,2019-12-19,2022-03-28,830,7.5,HIGH,nvd@nist.gov,1,SonicWall,SMA100,CWE-22,Unknown,0
CVE-2019-7609,2019-03-25,2022-01-10,1022,10.0,CRITICAL,nvd@nist.gov,1,Elastic,Kibana,CWE-94,Unknown,0
CVE-2019-8394,2019-02-17,2021-11-03,990,6.5,MEDIUM,nvd@nist.gov,1,Zoho,ManageEngine,CWE-434,Unknown,0
CVE-2019-8506,2019-12-18,2022-05-04,868,8.8,HIGH,nvd@nist.gov,1,Apple,Multiple Products,CWE-843,Unknown,0
CVE-2019-8526,2019-12-18,2023-04-17,1216,7.8,HIGH,nvd@nist.gov,1,Apple,macOS,CWE-416,Unknown,0
CVE-2019-8605,2019-12-18,2022-06-27,922,7.8,HIGH,nvd@nist.gov,1,Apple,Multiple Products,CWE-416,Unknown,0
CVE-2019-8720,2023-03-06,2022-05-23,-287,8.8,HIGH,nvd@nist.gov,1,WebKitGTK,WebKitGTK,CWE-119,Unknown,1
CVE-2019-9082,2019-02-24,2021-11-03,983,8.8,HIGH,nvd@nist.gov,1,ThinkPHP,ThinkPHP,CWE-306,Unknown,0
CVE-2019-9621,2019-04-30,2025-07-07,2260,7.5,HIGH,nvd@nist.gov,1,Synacor,Zimbra Collaboration Suite (ZCS),CWE-918,Unknown,0
CVE-2019-9670,2019-05-29,2022-01-10,957,9.8,CRITICAL,nvd@nist.gov,1,Synacor,Zimbra Collaboration Suite (ZCS),CWE-611,Unknown,0
CVE-2019-9874,2019-05-31,2025-03-26,2126,9.8,CRITICAL,nvd@nist.gov,1,Sitecore,CMS and Experience Platform (XP),CWE-502,Unknown,0
CVE-2019-9875,2019-05-31,2025-03-26,2126,8.8,HIGH,nvd@nist.gov,1,Sitecore,CMS and Experience Platform (XP),CWE-502,Unknown,0
CVE-2019-9978,2019-03-24,2021-11-03,955,6.1,MEDIUM,nvd@nist.gov,1,WordPress,Social Warfare Plugin,CWE-79,Unknown,0
CVE-2020-0041,2020-03-10,2021-11-03,603,7.8,HIGH,nvd@nist.gov,1,Android,Android Kernel,CWE-20,Unknown,0
CVE-2020-0069,2020-03-10,2021-11-03,603,7.8,HIGH,nvd@nist.gov,1,MediaTek,Multiple Chipsets,CWE-787,Unknown,0
CVE-2020-0601,2020-01-14,2021-11-03,659,8.1,HIGH,nvd@nist.gov,1,Microsoft,Windows,CWE-295,Unknown,0
CVE-2020-0618,2020-02-11,2024-09-18,1681,8.8,HIGH,nvd@nist.gov,1,Microsoft,SQL Server,CWE-502,Known,0
CVE-2020-0638,2020-01-14,2022-05-23,860,7.8,HIGH,nvd@nist.gov,1,Microsoft,Update Notification Manager,,Known,0
CVE-2020-0646,2020-01-14,2021-11-03,659,9.8,CRITICAL,nvd@nist.gov,1,Microsoft,.NET Framework,CWE-91,Unknown,0
CVE-2020-0674,2020-02-11,2021-11-03,631,7.5,HIGH,nvd@nist.gov,1,Microsoft,Internet Explorer,CWE-416,Unknown,0
CVE-2020-0683,2020-02-11,2021-11-03,631,7.8,HIGH,nvd@nist.gov,1,Microsoft,Windows,,Unknown,0
CVE-2020-0688,2020-02-11,2021-11-03,631,8.8,HIGH,nvd@nist.gov,1,Microsoft,Exchange Server,CWE-287,Known,0
CVE-2020-0787,2020-03-12,2022-01-28,687,7.8,HIGH,nvd@nist.gov,1,Microsoft,Windows,CWE-269,Known,0
CVE-2020-0796,2020-03-12,2022-02-10,700,10.0,CRITICAL,nvd@nist.gov,1,Microsoft,SMBv3,CWE-119,Known,0
CVE-2020-0878,2020-09-11,2021-11-03,418,7.5,HIGH,nvd@nist.gov,1,Microsoft,Edge and Internet Explorer,CWE-787,Known,0
CVE-2020-0938,2020-04-15,2021-11-03,567,7.8,HIGH,nvd@nist.gov,1,Microsoft,Windows,CWE-787,Unknown,0
CVE-2020-0968,2020-04-15,2021-11-03,567,7.5,HIGH,nvd@nist.gov,1,Microsoft,Internet Explorer,CWE-787,Known,0
CVE-2020-0986,2020-06-09,2021-11-03,512,7.8,HIGH,nvd@nist.gov,1,Microsoft,Windows,CWE-787,Unknown,0
CVE-2020-10148,2020-12-29,2021-11-03,309,9.8,CRITICAL,nvd@nist.gov,1,SolarWinds,Orion,CWE-288,Unknown,0
CVE-2020-10181,2020-03-11,2021-11-03,602,9.8,CRITICAL,nvd@nist.gov,1,Sumavision,Enhanced Multimedia Router (EMR),CWE-352,Unknown,0
CVE-2020-10189,2020-03-06,2021-11-03,607,9.8,CRITICAL,nvd@nist.gov,1,Zoho,ManageEngine,CWE-502,Unknown,0
CVE-2020-10199,2020-04-01,2021-11-03,581,8.8,HIGH,nvd@nist.gov,1,Sonatype,Nexus Repository,CWE-917,Unknown,0
CVE-2020-1020,2020-04-15,2021-11-03,567,8.8,HIGH,nvd@nist.gov,1,Microsoft,Windows,CWE-787,Unknown,0
CVE-2020-10221,2020-03-08,2021-11-03,605,8.8,HIGH,nvd@nist.gov,1,rConfig,rConfig,CWE-78,Unknown,0
CVE-2020-1027,2020-04-15,2022-05-23,768,7.8,HIGH,nvd@nist.gov,1,Microsoft,Windows,CWE-787,Unknown,0
CVE-2020-1040,2020-07-14,2021-11-03,477,9.0,CRITICAL,nvd@nist.gov,1,Microsoft,Hyper-V RemoteFX,CWE-20,Unknown,0
CVE-2020-1054,2020-05-21,2021-11-03,531,7.0,HIGH,secure@microsoft.com,1,Microsoft,Win32k,CWE-787,Unknown,0
CVE-2020-10987,2020-07-13,2021-11-03,478,9.8,CRITICAL,nvd@nist.gov,1,Tenda,AC1900 Router AC15 Model,CWE-78,Unknown,0
CVE-2020-11023,2020-04-29,2025-01-23,1730,6.1,MEDIUM,nvd@nist.gov,1,JQuery,JQuery,CWE-79,Unknown,0
CVE-2020-11261,2021-06-09,2021-12-01,175,7.8,HIGH,nvd@nist.gov,1,Qualcomm,"Snapdragon Auto, Snapdragon Compute, Snapdragon Connectivity, Snapdragon Consumer IOT, Snapdragon Industrial IOT, Snapdragon Mobile, Snapdragon Voice & Music, Snapdragon Wearables",CWE-20,Unknown,0
CVE-2020-1147,2020-07-14,2021-11-03,477,7.8,HIGH,nvd@nist.gov,1,Microsoft,".NET Framework, SharePoint, Visual Studio",,Unknown,0
CVE-2020-11651,2020-04-30,2021-11-03,552,9.8,CRITICAL,nvd@nist.gov,1,SaltStack,Salt,,Unknown,0
CVE-2020-11652,2020-04-30,2021-11-03,552,6.5,MEDIUM,nvd@nist.gov,1,SaltStack,Salt,CWE-22,Unknown,0
CVE-2020-11738,2020-04-13,2021-11-03,569,7.5,HIGH,nvd@nist.gov,1,WordPress,Snap Creek Duplicator Plugin,CWE-22,Unknown,0
CVE-2020-11899,2020-06-17,2022-03-03,624,5.4,MEDIUM,nvd@nist.gov,1,Treck TCP/IP stack,IPv6,CWE-125,Unknown,0
CVE-2020-11978,2020-07-17,2022-01-18,550,8.8,HIGH,nvd@nist.gov,1,Apache,Airflow,CWE-78,Unknown,0
CVE-2020-12271,2020-04-27,2021-11-03,555,9.8,CRITICAL,nvd@nist.gov,1,Sophos,SFOS,CWE-89,Known,0
CVE-2020-12641,2020-05-04,2023-06-22,1144,9.8,CRITICAL,nvd@nist.gov,1,Roundcube,Roundcube Webmail,CWE-78,Unknown,0
CVE-2020-12812,2020-07-24,2021-11-03,467,9.8,CRITICAL,nvd@nist.gov,1,Fortinet,FortiOS,CWE-178,Known,0
CVE-2020-1350,2020-07-14,2021-11-03,477,10.0,CRITICAL,nvd@nist.gov,1,Microsoft,Windows,,Unknown,0
CVE-2020-13671,2020-11-20,2022-01-18,424,8.8,HIGH,nvd@nist.gov,1,Drupal,Drupal core,CWE-434,Unknown,0
CVE-2020-1380,2020-08-17,2021-11-03,443,8.8,HIGH,nvd@nist.gov,1,Microsoft,Internet Explorer,CWE-787,Unknown,0
CVE-2020-13927,2020-11-10,2022-01-18,434,9.8,CRITICAL,nvd@nist.gov,1,Apache,Airflow's Experimental API,CWE-1188,Unknown,0
CVE-2020-13965,2020-06-09,2024-06-26,1478,6.1,MEDIUM,nvd@nist.gov,1,Roundcube,Webmail,CWE-80,Unknown,0
CVE-2020-1464,2020-08-17,2021-11-03,443,5.5,MEDIUM,nvd@nist.gov,1,Microsoft,Windows,CWE-347,Unknown,0
CVE-2020-14644,2020-07-15,2024-09-18,1526,9.8,CRITICAL,nvd@nist.gov,1,Oracle,WebLogic Server,,Unknown,0
CVE-2020-1472,2020-08-17,2021-11-03,443,10.0,CRITICAL,nvd@nist.gov,1,Microsoft,Netlogon,CWE-330,Known,0
CVE-2020-14750,2020-11-02,2021-11-03,366,9.8,CRITICAL,secalert_us@oracle.com,0,Oracle,WebLogic Server,,Unknown,0
CVE-2020-14864,2020-10-21,2022-01-18,454,7.5,HIGH,secalert_us@oracle.com,0,Oracle,Intelligence Enterprise Edition,CWE-22,Unknown,0
CVE-2020-14871,2020-10-21,2021-11-03,378,10.0,CRITICAL,secalert_us@oracle.com,0,Oracle,Solaris and Zettabyte File System (ZFS),CWE-787,Unknown,0
CVE-2020-14882,2020-10-21,2021-11-03,378,9.8,CRITICAL,secalert_us@oracle.com,0,Oracle,WebLogic Server,,Unknown,0
CVE-2020-14883,2020-10-21,2021-11-03,378,7.2,HIGH,secalert_us@oracle.com,0,Oracle,WebLogic Server,,Unknown,0
CVE-2020-15069,2020-06-29,2025-02-06,1683,9.8,CRITICAL,nvd@nist.gov,1,Sophos,XG Firewall,CWE-120,Unknown,0
CVE-2020-15415,2020-06-30,2024-09-30,1553,9.8,CRITICAL,nvd@nist.gov,1,DrayTek,Multiple Vigor Routers,CWE-78,Unknown,0
CVE-2020-15505,2020-07-07,2021-11-03,484,9.8,CRITICAL,nvd@nist.gov,1,Ivanti,MobileIron Multiple Products,CWE-706,Unknown,0
CVE-2020-15999,2020-11-03,2021-11-03,365,9.6,CRITICAL,nvd@nist.gov,1,Google,Chrome FreeType,CWE-787,Unknown,0
CVE-2020-16009,2020-11-03,2021-11-03,365,8.8,HIGH,nvd@nist.gov,1,Google,Chromium V8,CWE-787,Unknown,0
CVE-2020-16010,2020-11-03,2021-11-03,365,9.6,CRITICAL,nvd@nist.gov,1,Google,Chrome for Android UI,CWE-787,Unknown,0
CVE-2020-16013,2021-01-08,2021-11-03,299,8.8,HIGH,nvd@nist.gov,1,Google,Chromium V8,CWE-787,Unknown,0
CVE-2020-16017,2021-01-08,2021-11-03,299,9.6,CRITICAL,nvd@nist.gov,1,Google,Chrome,CWE-416,Unknown,0
CVE-2020-1631,2020-05-04,2022-03-25,690,9.8,CRITICAL,nvd@nist.gov,1,Juniper,Junos OS,CWE-22,Unknown,0
CVE-2020-16846,2020-11-06,2021-11-03,362,9.8,CRITICAL,nvd@nist.gov,1,SaltStack,Salt,CWE-78,Unknown,0
CVE-2020-17087,2020-11-11,2021-11-03,357,7.8,HIGH,nvd@nist.gov,1,Microsoft,Windows,CWE-131,Unknown,0
CVE-2020-17144,2020-12-10,2021-11-03,328,8.8,HIGH,nvd@nist.gov,1,Microsoft,Exchange Server,CWE-502,Unknown,0
CVE-2020-17463,2020-08-13,2021-12-10,484,9.8,CRITICAL,nvd@nist.gov,1,Fuel CMS,Fuel CMS,CWE-89,Unknown,0
CVE-2020-17496,2020-08-12,2021-11-03,448,9.8,CRITICAL,nvd@nist.gov,1,vBulletin,vBulletin,CWE-74,Unknown,0
CVE-2020-17519,2021-01-05,2024-05-23,1234,7.5,HIGH,nvd@nist.gov,1,Apache,Flink,CWE-552,Unknown,0
CVE-2020-17530,2020-12-11,2021-11-03,327,9.8,CRITICAL,nvd@nist.gov,1,Apache,Struts,CWE-917,Unknown,0
CVE-2020-1938,2020-02-24,2022-03-03,738,9.8,CRITICAL,nvd@nist.gov,1,Apache,Tomcat,,Unknown,0
CVE-2020-1956,2020-05-22,2022-03-25,672,8.8,HIGH,nvd@nist.gov,1,Apache,Kylin,CWE-78,Unknown,0
CVE-2020-2021,2020-06-29,2022-03-25,634,10.0,CRITICAL,nvd@nist.gov,1,Palo Alto Networks,PAN-OS,CWE-347,Known,0
CVE-2020-24363,2020-08-31,2025-09-02,1828,8.8,HIGH,nvd@nist.gov,1,TP-Link,TL-WA855RE,CWE-306,Unknown,0
CVE-2020-24557,2020-09-01,2021-11-03,428,7.8,HIGH,nvd@nist.gov,1,Trend Micro,"Apex One, OfficeScan, and Worry-Free Business Security",,Unknown,0
CVE-2020-2506,2021-02-03,2022-03-25,415,9.8,CRITICAL,nvd@nist.gov,1,QNAP Systems,Helpdesk,CWE-284,Unknown,0
CVE-2020-25078,2020-09-02,2025-08-05,1798,7.5,HIGH,nvd@nist.gov,1,D-Link,DCS-2530L and DCS-2670L Devices,,Unknown,0
CVE-2020-25079,2020-09-02,2025-08-05,1798,8.8,HIGH,nvd@nist.gov,1,D-Link,DCS-2530L and DCS-2670L Devices,CWE-77,Unknown,0
CVE-2020-2509,2021-04-17,2022-04-11,359,9.8,CRITICAL,nvd@nist.gov,1,QNAP,QNAP Network-Attached Storage (NAS),CWE-77,Unknown,0
CVE-2020-25213,2020-09-09,2021-11-03,420,9.8,CRITICAL,nvd@nist.gov,1,WordPress,File Manager Plugin,CWE-434,Unknown,0
CVE-2020-25223,2020-09-25,2022-03-25,546,9.8,CRITICAL,nvd@nist.gov,1,Sophos,SG UTM,CWE-78,Unknown,0
CVE-2020-25506,2021-02-02,2021-11-03,274,9.8,CRITICAL,nvd@nist.gov,1,D-Link,DNS-320 Device,CWE-78,Unknown,0
CVE-2020-2551,2020-01-15,2023-11-16,1401,9.8,CRITICAL,nvd@nist.gov,1,Oracle,Fusion Middleware,,Unknown,0
CVE-2020-2555,2020-01-15,2021-11-03,658,9.8,CRITICAL,nvd@nist.gov,1,Oracle,Multiple Products,CWE-502,Unknown,0
CVE-2020-26919,2020-10-09,2021-11-03,390,9.8,CRITICAL,nvd@nist.gov,1,NETGEAR,JGS516PE Devices,,Unknown,0
CVE-2020-27930,2020-12-08,2021-11-03,330,7.8,HIGH,nvd@nist.gov,1,Apple,Multiple Products,CWE-787,Unknown,0
CVE-2020-27932,2020-12-08,2021-11-03,330,7.8,HIGH,nvd@nist.gov,1,Apple,Multiple Products,CWE-843,Unknown,0
CVE-2020-27950,2020-12-08,2021-11-03,330,5.5,MEDIUM,nvd@nist.gov,1,Apple,Multiple Products,CWE-665,Unknown,0
CVE-2020-2883,2020-04-15,2025-01-07,1728,9.8,CRITICAL,nvd@nist.gov,1,Oracle,WebLogic Server,,Unknown,0
CVE-2020-28949,2020-11-19,2022-08-25,644,7.8,HIGH,nvd@nist.gov,1,PEAR,Archive_Tar,CWE-74,Unknown,0
CVE-2020-29557,2021-01-29,2021-11-03,278,9.8,CRITICAL,nvd@nist.gov,1,D-Link,DIR-825 R1 Devices,CWE-119,Unknown,0
CVE-2020-29574,2020-12-11,2025-02-06,1518,9.8,CRITICAL,nvd@nist.gov,1,Sophos,CyberoamOS,CWE-89,Known,0
CVE-2020-29583,2020-12-22,2021-11-03,316,9.8,CRITICAL,nvd@nist.gov,1,Zyxel,Multiple Products,CWE-522,Unknown,0
CVE-2020-3118,2020-02-05,2021-11-03,637,8.8,HIGH,nvd@nist.gov,1,Cisco,IOS XR,CWE-134,Unknown,0
CVE-2020-3153,2020-02-19,2022-10-24,978,6.5,MEDIUM,nvd@nist.gov,1,Cisco,AnyConnect Secure,CWE-427,Known,0
CVE-2020-3161,2020-04-15,2021-11-03,567,9.8,CRITICAL,nvd@nist.gov,1,Cisco,Cisco IP Phones,CWE-20,Unknown,0
CVE-2020-3259,2020-05-06,2024-02-15,1380,7.5,HIGH,nvd@nist.gov,1,Cisco,Adaptive Security Appliance (ASA) and Firepower Threat Defense (FTD),CWE-200,Known,0
CVE-2020-3433,2020-08-17,2022-10-24,798,7.8,HIGH,nvd@nist.gov,1,Cisco,AnyConnect Secure,CWE-427,Known,0
CVE-2020-3452,2020-07-22,2021-11-03,469,7.5,HIGH,nvd@nist.gov,1,Cisco,Adaptive Security Appliance (ASA) and Firepower Threat Defense (FTD),CWE-20,Unknown,0
CVE-2020-3566,2020-08-29,2021-11-03,431,8.6,HIGH,nvd@nist.gov,1,Cisco,IOS XR,CWE-400,Unknown,0
CVE-2020-3569,2020-09-23,2021-11-03,406,8.6,HIGH,nvd@nist.gov,1,Cisco,IOS XR,CWE-400,Unknown,0
CVE-2020-35730,2020-12-28,2023-06-22,906,6.1,MEDIUM,nvd@nist.gov,1,Roundcube,Roundcube Webmail,CWE-79,Unknown,0
CVE-2020-3580,2020-10-21,2021-11-03,378,6.1,MEDIUM,nvd@nist.gov,1,Cisco,Adaptive Security Appliance (ASA) and Firepower Threat Defense (FTD),CWE-79,Known,0
CVE-2020-36193,2021-01-18,2022-08-25,584,7.5,HIGH,nvd@nist.gov,1,PEAR,Archive_Tar,CWE-22,Unknown,0
CVE-2020-3837,2020-02-27,2022-06-27,851,7.8,HIGH,nvd@nist.gov,1,Apple,Multiple Products,CWE-787,Unknown,0
CVE-2020-3950,2020-03-17,2021-11-03,596,7.8,HIGH,nvd@nist.gov,1,VMware,Multiple Products,CWE-269,Unknown,0
CVE-2020-3952,2020-04-10,2021-11-03,572,9.8,CRITICAL,nvd@nist.gov,1,VMware,vCenter Server,CWE-306,Unknown,0
CVE-2020-3992,2020-10-20,2021-11-03,379,9.8,CRITICAL,nvd@nist.gov,1,VMware,ESXi,CWE-416,Known,0
CVE-2020-4006,2020-11-23,2021-11-03,345,9.1,CRITICAL,nvd@nist.gov,1,VMware,Multiple Products,CWE-78,Unknown,0
CVE-2020-4427,2020-05-07,2021-11-03,545,9.8,CRITICAL,nvd@nist.gov,1,IBM,Data Risk Manager,,Unknown,0
CVE-2020-4428,2020-05-07,2021-11-03,545,9.1,CRITICAL,nvd@nist.gov,1,IBM,Data Risk Manager,CWE-78,Unknown,0
CVE-2020-4430,2020-05-07,2021-11-03,545,4.3,MEDIUM,nvd@nist.gov,1,IBM,Data Risk Manager,CWE-22,Unknown,0
CVE-2020-5135,2020-10-12,2022-03-15,519,9.8,CRITICAL,nvd@nist.gov,1,SonicWall,SonicOS,CWE-120,Known,0
CVE-2020-5410,2020-06-02,2022-03-25,661,7.5,HIGH,nvd@nist.gov,1,VMware Tanzu,Spring Cloud Configuration (Config) Server,CWE-23,Unknown,0
CVE-2020-5722,2020-03-23,2022-01-28,676,9.8,CRITICAL,nvd@nist.gov,1,Grandstream,UCM6200,CWE-89,Unknown,0
CVE-2020-5735,2020-04-08,2021-11-03,574,8.8,HIGH,nvd@nist.gov,1,Amcrest,Cameras and Network Video Recorder (NVR),CWE-121,Unknown,0
CVE-2020-5741,2020-05-08,2023-03-10,1036,7.2,HIGH,nvd@nist.gov,1,Plex,Media Server,CWE-502,Unknown,0
CVE-2020-5847,2020-03-16,2021-11-03,597,9.8,CRITICAL,nvd@nist.gov,1,Unraid,Unraid,,Unknown,0
CVE-2020-5849,2020-03-16,2021-11-03,597,7.5,HIGH,nvd@nist.gov,1,Unraid,Unraid,CWE-287,Unknown,0
CVE-2020-5902,2020-07-01,2021-11-03,490,9.8,CRITICAL,nvd@nist.gov,1,F5,BIG-IP,CWE-22,Known,0
CVE-2020-6207,2020-03-10,2021-11-03,603,9.8,CRITICAL,nvd@nist.gov,1,SAP,Solution Manager,CWE-306,Unknown,0
CVE-2020-6287,2020-07-14,2021-11-03,477,10.0,CRITICAL,nvd@nist.gov,1,SAP,NetWeaver,CWE-306,Unknown,0
CVE-2020-6418,2020-02-27,2021-11-03,615,8.8,HIGH,nvd@nist.gov,1,Google,Chromium V8,CWE-843,Unknown,0
CVE-2020-6572,2021-01-14,2022-01-10,361,8.8,HIGH,nvd@nist.gov,1,Google,Chrome Media,CWE-416,Unknown,0
CVE-2020-6819,2020-04-24,2021-11-03,558,8.1,HIGH,nvd@nist.gov,1,Mozilla,Firefox and Thunderbird,CWE-362,Unknown,0
CVE-2020-6820,2020-04-24,2021-11-03,558,8.1,HIGH,nvd@nist.gov,1,Mozilla,Firefox and Thunderbird,CWE-362,Unknown,0
CVE-2020-7247,2020-01-29,2022-03-25,786,9.8,CRITICAL,nvd@nist.gov,1,OpenBSD,OpenSMTPD,CWE-755,Unknown,0
CVE-2020-7796,2020-02-18,2026-02-17,2191,9.8,CRITICAL,nvd@nist.gov,1,Synacor,Zimbra Collaboration Suite,CWE-918,Unknown,0
CVE-2020-7961,2020-03-20,2021-11-03,593,9.8,CRITICAL,nvd@nist.gov,1,Liferay,Liferay Portal,CWE-502,Unknown,0
CVE-2020-8193,2020-07-10,2021-11-03,481,6.5,MEDIUM,nvd@nist.gov,1,Citrix,"Application Delivery Controller (ADC), Gateway, and SD-WAN WANOP Appliance",CWE-284,Unknown,0
CVE-2020-8195,2020-07-10,2021-11-03,481,6.5,MEDIUM,nvd@nist.gov,1,Citrix,"Application Delivery Controller (ADC), Gateway, and SD-WAN WANOP Appliance",CWE-20,Unknown,0
CVE-2020-8196,2020-07-10,2021-11-03,481,4.3,MEDIUM,nvd@nist.gov,1,Citrix,"Application Delivery Controller (ADC), Gateway, and SD-WAN WANOP Appliance",CWE-284,Unknown,0
CVE-2020-8218,2020-07-30,2022-03-07,585,7.2,HIGH,nvd@nist.gov,1,Pulse Secure,Pulse Connect Secure,CWE-94,Unknown,0
CVE-2020-8243,2020-09-30,2021-11-03,399,7.2,HIGH,nvd@nist.gov,1,Ivanti,Pulse Connect Secure,CWE-94,Unknown,0
CVE-2020-8260,2020-10-28,2021-11-03,371,7.2,HIGH,nvd@nist.gov,1,Ivanti,Pulse Connect Secure,CWE-434,Unknown,0
CVE-2020-8467,2020-03-18,2021-11-03,595,8.8,HIGH,nvd@nist.gov,1,Trend Micro,Apex One and OfficeScan,,Unknown,0
CVE-2020-8468,2020-03-18,2021-11-03,595,8.8,HIGH,nvd@nist.gov,1,Trend Micro,"Apex One, OfficeScan and Worry-Free Business Security Agents",CWE-74,Unknown,0
CVE-2020-8515,2020-02-01,2021-11-03,641,9.8,CRITICAL,nvd@nist.gov,1,DrayTek,Multiple Vigor Routers,CWE-78,Unknown,0
CVE-2020-8599,2020-03-18,2021-11-03,595,9.8,CRITICAL,nvd@nist.gov,1,Trend Micro,Apex One and OfficeScan,,Unknown,0
CVE-2020-8644,2020-02-05,2021-11-03,637,9.8,CRITICAL,nvd@nist.gov,1,PlaySMS,PlaySMS,CWE-94,Unknown,0
CVE-2020-8655,2020-02-07,2021-11-03,635,7.8,HIGH,nvd@nist.gov,1,EyesOfNetwork,EyesOfNetwork,CWE-269,Unknown,0
CVE-2020-8657,2020-02-06,2021-11-03,636,9.8,CRITICAL,nvd@nist.gov,1,EyesOfNetwork,EyesOfNetwork,CWE-798,Unknown,0
CVE-2020-8816,2020-05-29,2021-12-10,560,7.2,HIGH,nvd@nist.gov,1,Pi-hole,AdminLTE,CWE-78,Unknown,0
CVE-2020-9054,2020-03-04,2022-03-25,751,9.8,CRITICAL,nvd@nist.gov,1,Zyxel,Multiple Network-Attached Storage (NAS) Devices,CWE-78,Unknown,0
CVE-2020-9377,2020-07-09,2022-03-25,624,8.8,HIGH,nvd@nist.gov,1,D-Link,DIR-610 Devices,CWE-78,Unknown,0
CVE-2020-9715,2020-08-19,2026-04-13,2063,7.8,HIGH,nvd@nist.gov,1,Adobe,Acrobat,CWE-416,Unknown,0
CVE-2020-9818,2020-06-09,2021-11-03,512,8.8,HIGH,nvd@nist.gov,1,Apple,"iOS, iPadOS, and watchOS",CWE-787,Unknown,0
CVE-2020-9819,2020-06-09,2021-11-03,512,4.3,MEDIUM,nvd@nist.gov,1,Apple,"iOS, iPadOS, and watchOS",CWE-787,Unknown,0
CVE-2020-9859,2020-06-05,2021-11-03,516,7.8,HIGH,nvd@nist.gov,1,Apple,Multiple Products,CWE-415,Unknown,0
CVE-2020-9907,2020-10-16,2022-06-27,619,7.8,HIGH,nvd@nist.gov,1,Apple,Multiple Products,CWE-787,Unknown,0
CVE-2020-9934,2020-10-16,2022-09-08,692,5.5,MEDIUM,nvd@nist.gov,1,Apple,"iOS, iPadOS, and macOS",,Unknown,0
CVE-2021-0920,2021-12-15,2022-05-23,159,6.4,MEDIUM,nvd@nist.gov,1,Android,Kernel,CWE-362,Unknown,1
CVE-2021-1048,2021-12-15,2022-05-23,159,7.8,HIGH,nvd@nist.gov,1,Android,Kernel,CWE-416,Unknown,1
CVE-2021-1497,2021-05-06,2021-11-03,181,9.8,CRITICAL,nvd@nist.gov,1,Cisco,HyperFlex HX,CWE-78,Unknown,0
CVE-2021-1498,2021-05-06,2021-11-03,181,9.8,CRITICAL,nvd@nist.gov,1,Cisco,HyperFlex HX,CWE-78,Unknown,0
CVE-2021-1647,2021-01-12,2021-11-03,295,7.8,HIGH,nvd@nist.gov,1,Microsoft,Defender,CWE-122,Unknown,0
CVE-2021-1675,2021-06-08,2021-11-03,148,7.8,HIGH,nvd@nist.gov,1,Microsoft,Windows,CWE-285,Known,0
CVE-2021-1732,2021-02-25,2021-11-03,251,7.8,HIGH,nvd@nist.gov,1,Microsoft,Win32k,CWE-787,Known,0
CVE-2021-1782,2021-04-02,2021-11-03,215,7.0,HIGH,nvd@nist.gov,1,Apple,Multiple Products,CWE-362,Unknown,0
CVE-2021-1789,2021-04-02,2022-05-04,397,8.8,HIGH,nvd@nist.gov,1,Apple,Multiple Products,CWE-843,Unknown,0
CVE-2021-1870,2021-04-02,2021-11-03,215,9.8,CRITICAL,nvd@nist.gov,1,Apple,"iOS, iPadOS, and macOS",CWE-1173,Unknown,0
CVE-2021-1871,2021-04-02,2021-11-03,215,9.8,CRITICAL,nvd@nist.gov,1,Apple,"iOS, iPadOS, and macOS",CWE-1173,Unknown,0
CVE-2021-1879,2021-04-02,2021-11-03,215,6.1,MEDIUM,nvd@nist.gov,1,Apple,"iOS, iPadOS, and watchOS",CWE-79,Unknown,0
CVE-2021-1905,2021-05-07,2021-11-03,180,7.8,HIGH,nvd@nist.gov,1,Qualcomm,Multiple Chipsets,CWE-416,Unknown,0
CVE-2021-1906,2021-05-07,2021-11-03,180,5.5,MEDIUM,nvd@nist.gov,1,Qualcomm,Multiple Chipsets,CWE-390,Unknown,0
CVE-2021-20016,2021-02-04,2021-11-03,272,9.8,CRITICAL,nvd@nist.gov,1,SonicWall,SSLVPN SMA100,CWE-89,Known,0
CVE-2021-20021,2021-04-09,2021-11-03,208,9.8,CRITICAL,nvd@nist.gov,1,SonicWall,SonicWall Email Security,CWE-306,Known,0
CVE-2021-20022,2021-04-09,2021-11-03,208,7.2,HIGH,nvd@nist.gov,1,SonicWall,SonicWall Email Security,CWE-434,Known,0
CVE-2021-20023,2021-04-20,2021-11-03,197,4.9,MEDIUM,nvd@nist.gov,1,SonicWall,SonicWall Email Security,CWE-22,Known,0
CVE-2021-20028,2021-08-04,2022-03-28,236,9.8,CRITICAL,nvd@nist.gov,1,SonicWall,Secure Remote Access (SRA),CWE-89,Known,0
CVE-2021-20035,2021-09-27,2025-04-16,1297,6.5,MEDIUM,nvd@nist.gov,1,SonicWall,SMA100 Appliances,CWE-78,Unknown,0
CVE-2021-20038,2021-12-08,2022-01-28,51,9.8,CRITICAL,nvd@nist.gov,1,SonicWall,SMA 100 Appliances,CWE-121,Known,1
CVE-2021-20090,2021-04-29,2021-11-03,188,9.8,CRITICAL,nvd@nist.gov,1,Arcadyan,Buffalo Firmware,CWE-22,Unknown,0
CVE-2021-20123,2021-10-13,2024-09-03,1056,7.5,HIGH,nvd@nist.gov,1,DrayTek,VigorConnect,CWE-22,Unknown,0
CVE-2021-20124,2021-10-13,2024-09-03,1056,7.5,HIGH,nvd@nist.gov,1,DrayTek,VigorConnect,CWE-22,Unknown,0
CVE-2021-21017,2021-02-11,2021-11-03,265,8.8,HIGH,psirt@adobe.com,0,Adobe,Acrobat and Reader,CWE-122,Unknown,0
CVE-2021-21148,2021-02-09,2021-11-03,267,8.8,HIGH,nvd@nist.gov,1,Google,Chromium V8,CWE-122,Unknown,0
CVE-2021-21166,2021-03-09,2021-11-03,239,8.8,HIGH,nvd@nist.gov,1,Google,Chromium,CWE-122,Unknown,0
CVE-2021-21193,2021-03-16,2021-11-03,232,8.8,HIGH,nvd@nist.gov,1,Google,Chromium Blink,CWE-416,Unknown,0
CVE-2021-21206,2021-04-26,2021-11-03,191,8.8,HIGH,nvd@nist.gov,1,Google,Chromium Blink,CWE-416,Unknown,0
CVE-2021-21220,2021-04-26,2021-11-03,191,8.8,HIGH,nvd@nist.gov,1,Google,Chromium V8,CWE-20,Unknown,0
CVE-2021-21224,2021-04-26,2021-11-03,191,8.8,HIGH,nvd@nist.gov,1,Google,Chromium V8,CWE-843,Unknown,0
CVE-2021-21311,2021-02-11,2025-09-29,1691,7.2,HIGH,nvd@nist.gov,1,Adminer,Adminer,CWE-918,Unknown,0
CVE-2021-21315,2021-02-16,2022-01-18,336,7.8,HIGH,nvd@nist.gov,1,Npm package,System Information Library for Node.JS,CWE-78,Unknown,0
CVE-2021-21551,2021-05-04,2022-03-31,331,7.8,HIGH,nvd@nist.gov,1,Dell,dbutil Driver,CWE-782,Unknown,0
CVE-2021-21972,2021-02-24,2021-11-03,252,9.8,CRITICAL,nvd@nist.gov,1,VMware,vCenter Server,CWE-23,Known,0
CVE-2021-21973,2021-02-24,2022-03-07,376,5.3,MEDIUM,nvd@nist.gov,1,VMware,vCenter Server and Cloud Foundation,CWE-20,Unknown,0
CVE-2021-21975,2021-03-31,2022-01-18,293,7.5,HIGH,nvd@nist.gov,1,VMware,vRealize Operations Manager API,CWE-918,Known,0
CVE-2021-21985,2021-05-26,2021-11-03,161,9.8,CRITICAL,nvd@nist.gov,1,VMware,vCenter Server,CWE-20,Known,0
CVE-2021-22005,2021-09-23,2021-11-03,41,9.8,CRITICAL,nvd@nist.gov,1,VMware,vCenter Server,CWE-23,Known,0
CVE-2021-22017,2021-09-23,2022-01-10,109,5.3,MEDIUM,nvd@nist.gov,1,VMware,vCenter Server,CWE-23,Unknown,0
CVE-2021-22054,2021-12-17,2026-03-09,1543,7.5,HIGH,nvd@nist.gov,1,Omnissa,Workspace One UEM,CWE-918,Unknown,1
CVE-2021-22175,2021-06-11,2026-02-18,1713,9.8,CRITICAL,nvd@nist.gov,1,GitLab,GitLab,CWE-918,Unknown,0
CVE-2021-22204,2021-04-23,2021-11-17,208,7.8,HIGH,nvd@nist.gov,1,Perl,Exiftool,CWE-95,Unknown,0
CVE-2021-22205,2021-04-23,2021-11-03,194,10.0,CRITICAL,nvd@nist.gov,1,GitLab,Community and Enterprise Editions,CWE-20,Known,0
CVE-2021-22502,2021-02-08,2021-11-03,268,9.8,CRITICAL,nvd@nist.gov,1,Micro Focus,Operation Bridge Reporter (OBR),CWE-20,Unknown,0
CVE-2021-22506,2021-03-26,2021-11-03,222,7.5,HIGH,nvd@nist.gov,1,Micro Focus,Micro Focus Access Manager,,Unknown,0
CVE-2021-22555,2021-07-07,2025-10-06,1552,7.8,HIGH,nvd@nist.gov,1,Linux,Kernel,CWE-787,Unknown,0
CVE-2021-22600,2022-01-26,2022-04-11,75,7.0,HIGH,nvd@nist.gov,1,Linux,Kernel,CWE-415,Unknown,1
CVE-2021-22681,2021-03-03,2026-03-05,1828,9.8,CRITICAL,nvd@nist.gov,1,Rockwell,Multiple Products,CWE-522,Unknown,0
CVE-2021-22893,2021-04-23,2021-11-03,194,10.0,CRITICAL,nvd@nist.gov,1,Ivanti,Pulse Connect Secure,CWE-287,Known,0
CVE-2021-22894,2021-05-27,2021-11-03,160,8.8,HIGH,nvd@nist.gov,1,Ivanti,Pulse Connect Secure,CWE-94,Unknown,0
CVE-2021-22899,2021-05-27,2021-11-03,160,8.8,HIGH,nvd@nist.gov,1,Ivanti,Pulse Connect Secure,CWE-77,Unknown,0
CVE-2021-22900,2021-05-27,2021-11-03,160,7.2,HIGH,nvd@nist.gov,1,Ivanti,Pulse Connect Secure,CWE-94,Unknown,0
CVE-2021-22941,2021-09-23,2022-03-25,183,9.8,CRITICAL,nvd@nist.gov,1,Citrix,ShareFile,CWE-284,Known,0
CVE-2021-22986,2021-03-31,2021-11-03,217,9.8,CRITICAL,nvd@nist.gov,1,F5,BIG-IP and BIG-IQ Centralized Management,CWE-863,Known,0
CVE-2021-22991,2021-03-31,2022-01-18,293,9.8,CRITICAL,nvd@nist.gov,1,F5,BIG-IP Traffic Management Microkernel,CWE-119,Unknown,0
CVE-2021-23758,2021-12-03,2026-08-26,1727,9.8,CRITICAL,nvd@nist.gov,1,Ajax.NET Professional,Ajax.NET Professional,CWE-502,Unknown,1
CVE-2021-23874,2021-02-10,2021-11-03,266,7.8,HIGH,nvd@nist.gov,1,McAfee,McAfee Total Protection (MTP),CWE-284,Unknown,0
CVE-2021-25296,2021-02-15,2022-01-18,337,8.8,HIGH,nvd@nist.gov,1,Nagios,Nagios XI,CWE-78,Unknown,0
CVE-2021-25297,2021-02-15,2022-01-18,337,8.8,HIGH,nvd@nist.gov,1,Nagios,Nagios XI,CWE-78,Unknown,0
CVE-2021-25298,2021-02-15,2022-01-18,337,8.8,HIGH,nvd@nist.gov,1,Nagios,Nagios XI,CWE-78,Unknown,0
CVE-2021-25337,2021-03-04,2022-11-08,614,7.1,HIGH,nvd@nist.gov,1,Samsung,Mobile Devices,CWE-269,Unknown,0
CVE-2021-25369,2021-03-26,2022-11-08,592,5.5,MEDIUM,nvd@nist.gov,1,Samsung,Mobile Devices,CWE-200,Unknown,0
CVE-2021-25370,2021-03-26,2022-11-08,592,4.4,MEDIUM,nvd@nist.gov,1,Samsung,Mobile Devices,CWE-416,Unknown,0
CVE-2021-25371,2021-03-26,2023-06-29,825,6.7,MEDIUM,nvd@nist.gov,1,Samsung,Mobile Devices,CWE-912,Unknown,0
CVE-2021-25372,2021-03-26,2023-06-29,825,6.7,MEDIUM,nvd@nist.gov,1,Samsung,Mobile Devices,CWE-787,Unknown,0
CVE-2021-25394,2021-06-11,2023-06-29,748,6.4,MEDIUM,nvd@nist.gov,1,Samsung,Mobile Devices,CWE-416,Unknown,0
CVE-2021-25395,2021-06-11,2023-06-29,748,6.4,MEDIUM,nvd@nist.gov,1,Samsung,Mobile Devices,CWE-362,Unknown,0
CVE-2021-25487,2021-10-06,2023-06-29,631,7.8,HIGH,nvd@nist.gov,1,Samsung,Mobile Devices,CWE-125,Unknown,0
CVE-2021-25489,2021-10-06,2023-06-29,631,5.5,MEDIUM,nvd@nist.gov,1,Samsung,Mobile Devices,CWE-20,Unknown,0
CVE-2021-26084,2021-08-30,2021-11-03,65,9.8,CRITICAL,nvd@nist.gov,1,Atlassian,Confluence Server and Data Center,CWE-917,Known,0
CVE-2021-26085,2021-08-03,2022-03-28,237,5.3,MEDIUM,nvd@nist.gov,1,Atlassian,Confluence Server,CWE-425,Known,0
CVE-2021-26086,2021-08-16,2024-11-12,1184,5.3,MEDIUM,nvd@nist.gov,1,Atlassian,Jira Server and Data Center,CWE-22,Unknown,0
CVE-2021-26411,2021-03-11,2021-11-03,237,8.8,HIGH,nvd@nist.gov,1,Microsoft,Internet Explorer,CWE-416,Known,0
CVE-2021-26828,2021-06-11,2025-12-03,1636,8.8,HIGH,nvd@nist.gov,1,OpenPLC,ScadaBR,CWE-434,Unknown,0
CVE-2021-26829,2021-06-11,2025-11-28,1631,5.4,MEDIUM,nvd@nist.gov,1,OpenPLC,ScadaBR,CWE-79,Unknown,0
CVE-2021-26855,2021-03-03,2021-11-03,245,9.8,CRITICAL,nvd@nist.gov,1,Microsoft,Exchange Server,CWE-918,Known,0
CVE-2021-26857,2021-03-03,2021-11-03,245,7.8,HIGH,nvd@nist.gov,1,Microsoft,Exchange Server,CWE-502,Known,0
CVE-2021-26858,2021-03-03,2021-11-03,245,7.8,HIGH,nvd@nist.gov,1,Microsoft,Exchange Server,,Known,0
CVE-2021-27059,2021-03-11,2021-11-03,237,6.5,MEDIUM,nvd@nist.gov,1,Microsoft,Office,,Unknown,0
CVE-2021-27065,2021-03-03,2021-11-03,245,7.8,HIGH,nvd@nist.gov,1,Microsoft,Exchange Server,CWE-39,Known,0
CVE-2021-27085,2021-03-11,2021-11-03,237,8.8,HIGH,nvd@nist.gov,1,Microsoft,Internet Explorer,,Unknown,0
CVE-2021-27101,2021-02-16,2021-11-03,260,9.8,CRITICAL,nvd@nist.gov,1,Accellion,FTA,CWE-89,Known,0
CVE-2021-27102,2021-02-16,2021-11-03,260,7.8,HIGH,nvd@nist.gov,1,Accellion,FTA,CWE-20,Known,0
CVE-2021-27103,2021-02-16,2021-11-03,260,9.8,CRITICAL,nvd@nist.gov,1,Accellion,FTA,CWE-918,Known,0
CVE-2021-27104,2021-02-16,2021-11-03,260,9.8,CRITICAL,nvd@nist.gov,1,Accellion,FTA,CWE-20,Known,0
CVE-2021-27137,2026-07-16,2026-07-21,5,8.1,HIGH,cve@mitre.org,0,DD-WRT,DD-WRT,CWE-121,Unknown,1
CVE-2021-27561,2021-10-15,2021-11-03,19,9.8,CRITICAL,nvd@nist.gov,1,Yealink,Device Management,CWE-78,Unknown,0
CVE-2021-27562,2021-05-25,2021-11-03,162,5.5,MEDIUM,nvd@nist.gov,1,Arm,Trusted Firmware,CWE-787,Unknown,0
CVE-2021-27852,2021-05-27,2022-04-11,319,9.8,CRITICAL,nvd@nist.gov,1,Checkbox,Checkbox Survey,CWE-502,Unknown,0
CVE-2021-27860,2021-12-08,2022-01-10,33,8.8,HIGH,nvd@nist.gov,1,FatPipe,"WARP, IPVPN, and MPVPN software",CWE-434,Unknown,1
CVE-2021-27876,2021-03-01,2023-04-07,767,8.1,HIGH,nvd@nist.gov,1,Veritas,Backup Exec Agent,CWE-287,Known,0
CVE-2021-27877,2021-03-01,2023-04-07,767,9.8,CRITICAL,nvd@nist.gov,1,Veritas,Backup Exec Agent,CWE-287,Known,0
CVE-2021-27878,2021-03-01,2023-04-07,767,8.8,HIGH,nvd@nist.gov,1,Veritas,Backup Exec Agent,CWE-287,Known,0
CVE-2021-28310,2021-04-13,2021-11-03,204,7.8,HIGH,nvd@nist.gov,1,Microsoft,Win32k,CWE-787,Unknown,0
CVE-2021-28550,2021-09-02,2021-11-03,62,8.8,HIGH,nvd@nist.gov,1,Adobe,Acrobat and Reader,CWE-416,Unknown,0
CVE-2021-28663,2021-05-10,2021-11-03,177,8.8,HIGH,nvd@nist.gov,1,Arm,Mali Graphics Processing Unit (GPU),CWE-416,Unknown,0
CVE-2021-28664,2021-05-10,2021-11-03,177,8.8,HIGH,nvd@nist.gov,1,Arm,Mali Graphics Processing Unit (GPU),CWE-787,Unknown,0
CVE-2021-28799,2021-05-13,2022-03-31,322,9.8,CRITICAL,nvd@nist.gov,1,QNAP,Network Attached Storage (NAS),CWE-285,Known,0
CVE-2021-29256,2021-05-24,2023-07-07,774,8.8,HIGH,nvd@nist.gov,1,Arm,Mali Graphics Processing Unit (GPU),CWE-416,Unknown,0
CVE-2021-30116,2021-07-09,2021-11-03,117,9.8,CRITICAL,nvd@nist.gov,1,Kaseya,Virtual System/Server Administrator (VSA),CWE-522,Known,0
CVE-2021-30533,2021-06-07,2022-06-27,385,6.5,MEDIUM,nvd@nist.gov,1,Google,Chromium PopupBlocker,CWE-863,Unknown,0
CVE-2021-30551,2021-06-15,2021-11-03,141,8.8,HIGH,nvd@nist.gov,1,Google,Chromium V8,CWE-122,Unknown,0
CVE-2021-30554,2021-07-02,2021-11-03,124,8.8,HIGH,nvd@nist.gov,1,Google,Chromium WebGL,CWE-416,Unknown,0
CVE-2021-30563,2021-08-03,2021-11-03,92,8.8,HIGH,nvd@nist.gov,1,Google,Chromium V8,CWE-122,Unknown,0
CVE-2021-30632,2021-10-08,2021-11-03,26,8.8,HIGH,nvd@nist.gov,1,Google,Chromium V8,CWE-122,Unknown,0
CVE-2021-30633,2021-10-08,2021-11-03,26,9.6,CRITICAL,nvd@nist.gov,1,Google,Chromium Indexed DB API,CWE-416,Unknown,0
CVE-2021-30657,2021-09-08,2021-11-03,56,5.5,MEDIUM,nvd@nist.gov,1,Apple,macOS,CWE-862,Unknown,0
CVE-2021-30661,2021-09-08,2021-11-03,56,8.8,HIGH,nvd@nist.gov,1,Apple,Multiple Products,CWE-416,Unknown,0
CVE-2021-30663,2021-09-08,2021-11-03,56,8.8,HIGH,nvd@nist.gov,1,Apple,Multiple Products,CWE-20,Unknown,0
CVE-2021-30665,2021-09-08,2021-11-03,56,8.8,HIGH,nvd@nist.gov,1,Apple,Multiple Products,CWE-787,Unknown,0
CVE-2021-30666,2021-09-08,2021-11-03,56,8.8,HIGH,nvd@nist.gov,1,Apple,iOS,CWE-119,Unknown,0
CVE-2021-30713,2021-09-08,2021-11-03,56,7.8,HIGH,nvd@nist.gov,1,Apple,macOS,CWE-862,Unknown,0
CVE-2021-30761,2021-09-08,2021-11-03,56,8.8,HIGH,nvd@nist.gov,1,Apple,iOS,CWE-787,Unknown,0
CVE-2021-30762,2021-09-08,2021-11-03,56,8.8,HIGH,nvd@nist.gov,1,Apple,iOS,CWE-416,Unknown,0
CVE-2021-30807,2021-10-19,2021-11-03,15,7.8,HIGH,nvd@nist.gov,1,Apple,Multiple Products,CWE-787,Unknown,0
CVE-2021-30858,2021-08-24,2021-11-03,71,8.8,HIGH,nvd@nist.gov,1,Apple,"iOS, iPadOS, and macOS",CWE-416,Unknown,0
CVE-2021-30860,2021-08-24,2021-11-03,71,7.8,HIGH,nvd@nist.gov,1,Apple,Multiple Products,CWE-20,Unknown,0
CVE-2021-30869,2021-08-24,2021-11-03,71,7.8,HIGH,nvd@nist.gov,1,Apple,"iOS, iPadOS, and macOS",CWE-843,Unknown,0
CVE-2021-30883,2021-08-24,2022-05-23,272,7.8,HIGH,nvd@nist.gov,1,Apple,Multiple Products,CWE-787,Unknown,0
CVE-2021-30900,2021-08-24,2023-03-30,583,7.8,HIGH,nvd@nist.gov,1,Apple,"iOS, iPadOS, and macOS",CWE-20,Unknown,0
CVE-2021-30952,2021-08-24,2026-03-05,1654,7.8,HIGH,nvd@nist.gov,1,Apple,Multiple Products,CWE-190,Unknown,0
CVE-2021-30983,2021-08-24,2022-06-27,307,7.8,HIGH,nvd@nist.gov,1,Apple,iOS and iPadOS,CWE-119,Unknown,0
CVE-2021-31010,2021-08-24,2022-08-25,366,7.5,HIGH,nvd@nist.gov,1,Apple,"iOS, macOS, watchOS",CWE-20,Unknown,0
CVE-2021-31166,2021-05-11,2022-04-06,330,9.8,CRITICAL,nvd@nist.gov,1,Microsoft,HTTP Protocol Stack,CWE-416,Unknown,0
CVE-2021-31196,2021-07-14,2024-08-21,1134,7.2,HIGH,nvd@nist.gov,1,Microsoft,Exchange Server,,Unknown,0
CVE-2021-31199,2021-06-08,2021-11-03,148,7.8,HIGH,nvd@nist.gov,1,Microsoft,Enhanced Cryptographic Provider,,Unknown,0
CVE-2021-31201,2021-06-08,2021-11-03,148,7.8,HIGH,nvd@nist.gov,1,Microsoft,Enhanced Cryptographic Provider,,Unknown,0
CVE-2021-31207,2021-05-11,2021-11-03,176,6.6,MEDIUM,nvd@nist.gov,1,Microsoft,Exchange Server,CWE-20,Known,0
CVE-2021-3129,2021-01-12,2023-09-18,979,9.8,CRITICAL,nvd@nist.gov,1,Laravel,Ignition,,Known,0
CVE-2021-3156,2021-01-26,2022-04-06,435,7.8,HIGH,nvd@nist.gov,1,Sudo,Sudo,CWE-122,Unknown,0
CVE-2021-31755,2021-05-07,2021-11-03,180,9.8,CRITICAL,nvd@nist.gov,1,Tenda,AC11 Router,CWE-787,Unknown,0
CVE-2021-31955,2021-06-08,2021-11-03,148,5.5,MEDIUM,nvd@nist.gov,1,Microsoft,Windows,CWE-497,Unknown,0
CVE-2021-31956,2021-06-08,2021-11-03,148,7.8,HIGH,nvd@nist.gov,1,Microsoft,Windows,CWE-191,Unknown,0
CVE-2021-31979,2021-07-14,2021-11-03,112,7.8,HIGH,nvd@nist.gov,1,Microsoft,Windows,CWE-119,Unknown,0
CVE-2021-32030,2021-05-06,2025-06-02,1488,9.8,CRITICAL,nvd@nist.gov,1,ASUS,Routers,CWE-287,Unknown,0
CVE-2021-32648,2021-08-26,2022-01-18,145,9.1,CRITICAL,nvd@nist.gov,1,October CMS,October CMS,CWE-287,Unknown,0
CVE-2021-33044,2021-09-15,2024-08-21,1071,9.8,CRITICAL,nvd@nist.gov,1,Dahua,IP Camera Firmware,CWE-287,Unknown,0
CVE-2021-33045,2021-09-15,2024-08-21,1071,9.8,CRITICAL,nvd@nist.gov,1,Dahua,IP Camera Firmware,CWE-287,Unknown,0
CVE-2021-33739,2021-06-08,2021-11-03,148,7.8,HIGH,nvd@nist.gov,1,Microsoft,Windows,,Unknown,0
CVE-2021-33742,2021-06-08,2021-11-03,148,8.8,HIGH,nvd@nist.gov,1,Microsoft,Windows,CWE-787,Unknown,0
CVE-2021-33766,2021-07-14,2022-01-18,188,7.5,HIGH,nvd@nist.gov,1,Microsoft,Exchange Server,CWE-287,Unknown,0
CVE-2021-33771,2021-07-14,2021-11-03,112,7.8,HIGH,nvd@nist.gov,1,Microsoft,Windows,CWE-119,Unknown,0
CVE-2021-34448,2021-07-16,2021-11-03,110,8.8,HIGH,nvd@nist.gov,1,Microsoft,Windows,CWE-787,Unknown,0
CVE-2021-34473,2021-07-14,2021-11-03,112,9.8,CRITICAL,nvd@nist.gov,1,Microsoft,Exchange Server,CWE-918,Known,0
CVE-2021-34484,2021-08-12,2022-03-31,231,7.8,HIGH,nvd@nist.gov,1,Microsoft,Windows,CWE-269,Unknown,0
CVE-2021-34486,2021-08-12,2022-03-28,228,7.8,HIGH,nvd@nist.gov,1,Microsoft,Windows,CWE-416,Unknown,0
CVE-2021-34523,2021-07-14,2021-11-03,112,9.8,CRITICAL,nvd@nist.gov,1,Microsoft,Exchange Server,CWE-287,Known,0
CVE-2021-34527,2021-07-02,2021-11-03,124,8.8,HIGH,nvd@nist.gov,1,Microsoft,Windows,CWE-269,Known,0
CVE-2021-3493,2021-04-17,2022-10-20,551,7.8,HIGH,nvd@nist.gov,1,Linux,Kernel,CWE-862,Unknown,0
CVE-2021-35211,2021-07-14,2021-11-03,112,10.0,CRITICAL,nvd@nist.gov,1,SolarWinds,Serv-U,CWE-787,Known,0
CVE-2021-35247,2022-01-10,2022-01-21,11,5.3,MEDIUM,nvd@nist.gov,1,SolarWinds,Serv-U,CWE-20,Unknown,1
CVE-2021-35394,2021-08-16,2021-12-10,116,9.8,CRITICAL,nvd@nist.gov,1,Realtek,Jungle Software Development Kit (SDK),CWE-78,Unknown,0
CVE-2021-35395,2021-08-16,2021-11-03,79,9.8,CRITICAL,nvd@nist.gov,1,Realtek,AP-Router SDK,CWE-20,Unknown,0
CVE-2021-35464,2021-07-22,2021-11-03,104,9.8,CRITICAL,nvd@nist.gov,1,ForgeRock,Access Management (AM),CWE-502,Known,0
CVE-2021-35587,2022-01-19,2022-11-28,313,9.8,CRITICAL,secalert_us@oracle.com,0,Oracle,Fusion Middleware,CWE-502,Unknown,1
CVE-2021-3560,2022-02-16,2023-05-12,450,7.8,HIGH,nvd@nist.gov,1,Red Hat,Polkit,CWE-863,Unknown,1
CVE-2021-36260,2021-09-22,2022-01-10,110,9.8,CRITICAL,nvd@nist.gov,1,Hikvision,Security cameras web server,CWE-78,Unknown,0
CVE-2021-36380,2021-08-13,2024-03-05,935,9.8,CRITICAL,nvd@nist.gov,1,Sunhillo,SureLine,CWE-78,Unknown,0
CVE-2021-36741,2021-07-29,2021-11-03,97,8.8,HIGH,nvd@nist.gov,1,Trend Micro,"Apex One, Apex One as a Service, and Worry-Free Business Security",CWE-22,Unknown,0
CVE-2021-36742,2021-07-29,2021-11-03,97,7.8,HIGH,nvd@nist.gov,1,Trend Micro,"Apex One, Apex One as a Service, and Worry-Free Business Security",CWE-20,Unknown,0
CVE-2021-36934,2021-07-22,2022-02-10,203,7.8,HIGH,nvd@nist.gov,1,Microsoft,Windows,CWE-1220,Unknown,0
CVE-2021-36942,2021-08-12,2021-11-03,83,7.5,HIGH,nvd@nist.gov,1,Microsoft,Windows,CWE-749,Known,0
CVE-2021-36948,2021-08-12,2021-11-03,83,7.8,HIGH,nvd@nist.gov,1,Microsoft,Windows,,Unknown,0
CVE-2021-36955,2021-09-15,2021-11-03,49,7.8,HIGH,nvd@nist.gov,1,Microsoft,Windows,,Known,0
CVE-2021-37415,2021-09-01,2021-12-01,91,9.8,CRITICAL,nvd@nist.gov,1,Zoho,ManageEngine ServiceDesk Plus (SDP),CWE-306,Unknown,0
CVE-2021-37973,2021-10-08,2021-11-03,26,9.6,CRITICAL,nvd@nist.gov,1,Google,Chromium Portals,CWE-416,Unknown,0
CVE-2021-37975,2021-10-08,2021-11-03,26,8.8,HIGH,nvd@nist.gov,1,Google,Chromium V8,CWE-416,Unknown,0
CVE-2021-37976,2021-10-08,2021-11-03,26,6.5,MEDIUM,nvd@nist.gov,1,Google,Chromium,CWE-862,Unknown,0
CVE-2021-38000,2021-11-23,2021-11-03,-20,6.1,MEDIUM,nvd@nist.gov,1,Google,Chromium Intents,CWE-20,Unknown,1
CVE-2021-38003,2021-11-23,2021-11-03,-20,8.8,HIGH,nvd@nist.gov,1,Google,Chromium V8,CWE-122,Unknown,1
CVE-2021-38163,2021-09-14,2022-06-09,268,8.8,HIGH,nvd@nist.gov,1,SAP,NetWeaver,CWE-23,Unknown,0
CVE-2021-38406,2021-09-17,2022-08-25,342,7.8,HIGH,nvd@nist.gov,1,Delta Electronics,DOPSoft 2,CWE-787,Unknown,0
CVE-2021-38645,2021-09-15,2021-11-03,49,7.8,HIGH,nvd@nist.gov,1,Microsoft,Open Management Infrastructure (OMI),,Unknown,0
CVE-2021-38646,2021-09-15,2022-03-28,194,7.8,HIGH,nvd@nist.gov,1,Microsoft,Office,,Known,0
CVE-2021-38647,2021-09-15,2021-11-03,49,9.8,CRITICAL,nvd@nist.gov,1,Microsoft,Open Management Infrastructure (OMI),CWE-1390,Known,0
CVE-2021-38648,2021-09-15,2021-11-03,49,7.8,HIGH,nvd@nist.gov,1,Microsoft,Open Management Infrastructure (OMI),CWE-1390,Unknown,0
CVE-2021-38649,2021-09-15,2021-11-03,49,7.8,HIGH,nvd@nist.gov,1,Microsoft,Open Management Infrastructure (OMI),,Unknown,0
CVE-2021-39144,2021-08-23,2023-03-10,564,8.5,HIGH,nvd@nist.gov,1,XStream,XStream,CWE-94,Unknown,0
CVE-2021-39226,2021-10-05,2022-08-25,324,7.3,HIGH,nvd@nist.gov,1,Grafana Labs,Grafana,CWE-287,Unknown,0
CVE-2021-39793,2022-03-16,2022-04-11,26,7.8,HIGH,nvd@nist.gov,1,Google,Pixel,CWE-787,Unknown,1
CVE-2021-39935,2021-12-13,2026-02-03,1513,7.5,HIGH,nvd@nist.gov,1,GitLab,Community and Enterprise Editions,CWE-918,Unknown,1
CVE-2021-4034,2022-01-28,2022-06-27,150,7.8,HIGH,nvd@nist.gov,1,Red Hat,Polkit,CWE-787,Known,1
CVE-2021-40407,2022-01-28,2024-12-18,1055,7.2,HIGH,nvd@nist.gov,1,Reolink,RLC-410W IP Camera,CWE-78,Unknown,1
CVE-2021-40438,2021-09-16,2021-12-01,76,9.0,CRITICAL,nvd@nist.gov,1,Apache,Apache,CWE-918,Known,0
CVE-2021-40444,2021-09-15,2021-11-03,49,7.8,HIGH,nvd@nist.gov,1,Microsoft,MSHTML,CWE-22,Known,0
CVE-2021-40449,2021-10-13,2021-11-17,35,7.8,HIGH,nvd@nist.gov,1,Microsoft,Windows,CWE-416,Known,0
CVE-2021-40450,2021-10-13,2022-04-25,194,7.8,HIGH,nvd@nist.gov,1,Microsoft,Win32k,,Unknown,0
CVE-2021-40539,2021-09-07,2021-11-03,57,9.8,CRITICAL,nvd@nist.gov,1,Zoho,ManageEngine,CWE-55,Known,0
CVE-2021-40655,2021-09-24,2024-05-16,965,7.5,HIGH,nvd@nist.gov,1,D-Link,DIR-605 Router,CWE-863,Unknown,0
CVE-2021-40870,2021-09-13,2022-01-18,127,9.8,CRITICAL,nvd@nist.gov,1,Aviatrix,Aviatrix Controller,CWE-25,Unknown,0
CVE-2021-4102,2022-02-11,2021-12-15,-58,8.8,HIGH,nvd@nist.gov,1,Google,Chromium V8,CWE-416,Unknown,1
CVE-2021-41277,2021-11-17,2024-11-12,1091,7.5,HIGH,nvd@nist.gov,1,Metabase,Metabase,CWE-200,Unknown,1
CVE-2021-41357,2021-10-13,2022-04-25,194,7.8,HIGH,nvd@nist.gov,1,Microsoft,Win32k,,Unknown,0
CVE-2021-41379,2021-11-10,2022-03-03,113,7.8,HIGH,nvd@nist.gov,1,Microsoft,Windows,CWE-1386,Known,1
CVE-2021-41773,2021-10-05,2021-11-03,29,9.8,CRITICAL,nvd@nist.gov,1,Apache,HTTP Server,CWE-22,Known,0
CVE-2021-42013,2021-10-07,2021-11-03,27,9.8,CRITICAL,nvd@nist.gov,1,Apache,HTTP Server,CWE-22,Known,0
CVE-2021-42237,2021-11-05,2022-03-25,140,9.8,CRITICAL,nvd@nist.gov,1,Sitecore,XP,CWE-502,Known,1
CVE-2021-42258,2021-10-22,2021-11-03,12,9.8,CRITICAL,nvd@nist.gov,1,BQE,BillQuick Web Suite,CWE-89,Known,0
CVE-2021-42278,2021-11-10,2022-04-11,152,7.5,HIGH,nvd@nist.gov,1,Microsoft,Active Directory,CWE-20,Known,1
CVE-2021-42287,2021-11-10,2022-04-11,152,8.8,HIGH,nvd@nist.gov,1,Microsoft,Active Directory,CWE-269,Known,1
CVE-2021-42292,2021-11-10,2021-11-17,7,7.8,HIGH,nvd@nist.gov,1,Microsoft,Office,CWE-357,Unknown,1
CVE-2021-42321,2021-11-10,2021-11-17,7,8.8,HIGH,nvd@nist.gov,1,Microsoft,Exchange,CWE-184,Known,1
CVE-2021-43226,2021-12-15,2025-10-06,1391,7.8,HIGH,nvd@nist.gov,1,Microsoft,Windows,,Known,1
CVE-2021-43798,2021-12-07,2025-10-09,1402,7.5,HIGH,security-advisories@github.com,0,Grafana Labs,Grafana,CWE-22,Unknown,1
CVE-2021-43890,2021-12-15,2021-12-15,0,7.1,HIGH,nvd@nist.gov,1,Microsoft,Windows,,Known,1
CVE-2021-44026,2021-11-19,2023-06-22,580,9.8,CRITICAL,nvd@nist.gov,1,Roundcube,Roundcube Webmail,CWE-89,Unknown,1
CVE-2021-44077,2021-11-29,2021-12-01,2,9.8,CRITICAL,nvd@nist.gov,1,Zoho,ManageEngine ServiceDesk Plus (SDP) / SupportCenter Plus,CWE-306,Unknown,1
CVE-2021-44168,2022-01-04,2021-12-10,-25,7.8,HIGH,nvd@nist.gov,1,Fortinet,FortiOS,CWE-494,Unknown,1
CVE-2021-44207,2021-12-21,2024-12-23,1098,8.1,HIGH,nvd@nist.gov,1,Acclaim Systems,USAHERDS,CWE-798,Unknown,1
CVE-2021-44228,2021-12-10,2021-12-10,0,10.0,CRITICAL,nvd@nist.gov,1,Apache,Log4j2,CWE-20,Known,1
CVE-2021-44515,2021-12-12,2021-12-10,-2,9.8,CRITICAL,nvd@nist.gov,1,Zoho,Desktop Central,,Unknown,1
CVE-2021-44529,2021-12-08,2024-03-25,838,9.8,CRITICAL,nvd@nist.gov,1,Ivanti,Endpoint Manager Cloud Service Appliance (EPM CSA),CWE-94,Known,1
CVE-2021-45046,2021-12-14,2023-05-01,503,9.0,CRITICAL,nvd@nist.gov,1,Apache,Log4j2,CWE-917,Known,1
CVE-2021-45382,2022-02-17,2022-04-04,46,9.8,CRITICAL,nvd@nist.gov,1,D-Link,Multiple Routers,CWE-78,Unknown,1
CVE-2022-0028,2022-08-10,2022-08-22,12,8.6,HIGH,nvd@nist.gov,1,Palo Alto Networks,PAN-OS,CWE-940,Unknown,1
CVE-2022-0185,2022-02-11,2024-08-21,922,8.4,HIGH,nvd@nist.gov,1,Linux,Kernel,CWE-190,Unknown,1
CVE-2022-0492,2022-03-03,2026-06-02,1552,7.8,HIGH,nvd@nist.gov,1,Linux,Kernel,CWE-287,Unknown,1
CVE-2022-0543,2022-02-18,2022-03-28,38,10.0,CRITICAL,nvd@nist.gov,1,Redis,Debian-specific Redis Servers,CWE-862,Unknown,1
CVE-2022-0609,2022-04-05,2022-02-15,-49,8.8,HIGH,nvd@nist.gov,1,Google,Chromium Animation,CWE-416,Unknown,1
CVE-2022-0847,2022-03-10,2022-04-25,46,7.8,HIGH,nvd@nist.gov,1,Linux,Kernel,CWE-665,Unknown,1
CVE-2022-0995,2022-03-25,2026-08-26,1615,7.8,HIGH,nvd@nist.gov,1,Linux,Kernel,CWE-787,Unknown,1
CVE-2022-1040,2022-03-25,2022-03-31,6,9.8,CRITICAL,nvd@nist.gov,1,Sophos,Firewall,CWE-158,Unknown,1
CVE-2022-1096,2022-07-23,2022-03-28,-117,8.8,HIGH,nvd@nist.gov,1,Google,Chromium V8,CWE-843,Unknown,1
CVE-2022-1364,2022-07-26,2022-04-15,-102,8.8,HIGH,nvd@nist.gov,1,Google,Chromium V8,CWE-843,Unknown,1
CVE-2022-1388,2022-05-05,2022-05-10,5,9.8,CRITICAL,nvd@nist.gov,1,F5,BIG-IP,CWE-306,Known,1
CVE-2022-20699,2022-02-10,2022-03-03,21,9.8,CRITICAL,nvd@nist.gov,1,Cisco,"Small Business RV160, RV260, RV340, and RV345 Series Routers",CWE-785,Unknown,1
CVE-2022-20700,2022-02-10,2022-03-03,21,9.8,CRITICAL,nvd@nist.gov,1,Cisco,"Small Business RV160, RV260, RV340, and RV345 Series Routers",CWE-121,Unknown,1
CVE-2022-20701,2022-02-10,2022-03-03,21,7.8,HIGH,nvd@nist.gov,1,Cisco,"Small Business RV160, RV260, RV340, and RV345 Series Routers",CWE-121,Unknown,1
CVE-2022-20703,2022-02-10,2022-03-03,21,8.0,HIGH,nvd@nist.gov,1,Cisco,"Small Business RV160, RV260, RV340, and RV345 Series Routers",CWE-347,Unknown,1
CVE-2022-20708,2022-02-10,2022-03-03,21,8.0,HIGH,nvd@nist.gov,1,Cisco,"Small Business RV160, RV260, RV340, and RV345 Series Routers",CWE-121,Unknown,1
CVE-2022-20775,2022-09-30,2026-02-25,1244,7.8,HIGH,nvd@nist.gov,1,Cisco,SD-WAN,CWE-25,Unknown,1
CVE-2022-20821,2022-05-26,2022-05-23,-3,6.5,MEDIUM,nvd@nist.gov,1,Cisco,IOS XR,CWE-923,Unknown,1
CVE-2022-21445,2022-04-19,2024-09-18,883,9.8,CRITICAL,secalert_us@oracle.com,0,Oracle,ADF Faces,CWE-502,Unknown,1
CVE-2022-21587,2022-10-18,2023-02-02,107,9.8,CRITICAL,secalert_us@oracle.com,0,Oracle,E-Business Suite,CWE-306,Known,1
CVE-2022-21882,2022-01-11,2022-02-04,24,7.8,HIGH,nvd@nist.gov,1,Microsoft,Win32k,CWE-787,Known,1
CVE-2022-21919,2022-01-11,2022-04-25,104,7.0,HIGH,secure@microsoft.com,0,Microsoft,Windows,CWE-1386,Unknown,1
CVE-2022-21971,2022-02-09,2022-08-18,190,7.8,HIGH,secure@microsoft.com,0,Microsoft,Windows,CWE-824,Unknown,1
CVE-2022-21999,2022-02-09,2022-03-25,44,7.8,HIGH,secure@microsoft.com,0,Microsoft,Windows,CWE-40,Known,1
CVE-2022-22047,2022-07-12,2022-07-12,0,7.8,HIGH,secure@microsoft.com,0,Microsoft,Windows,CWE-426,Unknown,1
CVE-2022-22071,2022-06-14,2023-12-05,539,7.8,HIGH,nvd@nist.gov,1,Qualcomm,Multiple Chipsets,CWE-416,Unknown,1
CVE-2022-22265,2022-01-10,2023-09-18,616,7.8,HIGH,nvd@nist.gov,1,Samsung,Mobile Devices,CWE-703,Unknown,1
CVE-2022-22536,2022-02-09,2022-08-18,190,10.0,CRITICAL,nvd@nist.gov,1,SAP,Multiple Products,CWE-444,Unknown,1
CVE-2022-22587,2022-03-18,2022-01-28,-49,9.8,CRITICAL,nvd@nist.gov,1,Apple,iOS and macOS,CWE-20,Unknown,1
CVE-2022-22620,2022-03-18,2022-02-11,-35,8.8,HIGH,nvd@nist.gov,1,Apple,"iOS, iPadOS, and macOS",CWE-416,Unknown,1
CVE-2022-22674,2022-05-26,2022-04-04,-52,5.5,MEDIUM,nvd@nist.gov,1,Apple,macOS,CWE-20,Unknown,1
CVE-2022-22675,2022-05-26,2022-04-04,-52,7.8,HIGH,nvd@nist.gov,1,Apple,macOS,CWE-20,Unknown,1
CVE-2022-22706,2022-03-03,2023-03-30,392,7.8,HIGH,nvd@nist.gov,1,Arm,Mali Graphics Processing Unit (GPU),CWE-119,Unknown,1
CVE-2022-22718,2022-02-09,2022-04-19,69,7.8,HIGH,secure@microsoft.com,0,Microsoft,Windows,,Unknown,1
CVE-2022-2294,2022-07-28,2022-08-25,28,8.8,HIGH,nvd@nist.gov,1,WebRTC,WebRTC,CWE-122,Known,1
CVE-2022-22947,2022-03-03,2022-05-16,74,10.0,CRITICAL,nvd@nist.gov,1,VMware,Spring Cloud Gateway,CWE-94,Unknown,1
CVE-2022-22948,2022-03-29,2024-07-17,841,6.5,MEDIUM,nvd@nist.gov,1,VMware,vCenter Server,CWE-276,Unknown,1
CVE-2022-22954,2022-04-11,2022-04-14,3,9.8,CRITICAL,nvd@nist.gov,1,VMware,Workspace ONE Access and Identity Manager,CWE-94,Known,1
CVE-2022-22960,2022-04-13,2022-04-15,2,7.8,HIGH,nvd@nist.gov,1,VMware,Multiple Products,CWE-250,Unknown,1
CVE-2022-22963,2022-04-01,2022-08-25,146,9.8,CRITICAL,nvd@nist.gov,1,VMware Tanzu,Spring Cloud,CWE-94,Unknown,1
CVE-2022-22965,2022-04-01,2022-04-04,3,9.8,CRITICAL,nvd@nist.gov,1,VMware,Spring Framework,CWE-94,Unknown,1
CVE-2022-23131,2022-01-13,2022-02-22,40,9.8,CRITICAL,nvd@nist.gov,1,Zabbix,Frontend,CWE-290,Unknown,1
CVE-2022-23134,2022-01-13,2022-02-22,40,5.3,MEDIUM,nvd@nist.gov,1,Zabbix,Frontend,CWE-284,Unknown,1
CVE-2022-23176,2022-02-24,2022-04-11,46,8.8,HIGH,nvd@nist.gov,1,WatchGuard,Firebox and XTM,,Unknown,1
CVE-2022-23227,2022-01-14,2024-12-18,1069,9.8,CRITICAL,nvd@nist.gov,1,NUUO,NVRmini2 Devices,CWE-306,Unknown,1
CVE-2022-23748,2022-11-17,2025-02-06,812,7.8,HIGH,nvd@nist.gov,1,Audinate,Dante Discovery,CWE-114,Unknown,1
CVE-2022-24086,2022-02-16,2022-02-15,-1,9.8,CRITICAL,psirt@adobe.com,0,Adobe,Commerce and Magento Open Source,CWE-20,Unknown,1
CVE-2022-24112,2022-02-11,2022-08-25,195,9.8,CRITICAL,nvd@nist.gov,1,Apache,APISIX,CWE-290,Unknown,1
CVE-2022-24521,2022-04-15,2022-04-13,-2,7.8,HIGH,secure@microsoft.com,0,Microsoft,Windows,CWE-787,Known,1
CVE-2022-24682,2022-02-09,2022-02-25,16,6.1,MEDIUM,nvd@nist.gov,1,Synacor,Zimbra Collaborate Suite (ZCS),CWE-79,Known,1
CVE-2022-24706,2022-04-26,2022-08-25,121,9.8,CRITICAL,nvd@nist.gov,1,Apache,CouchDB,CWE-1188,Unknown,1
CVE-2022-24816,2022-04-13,2024-06-26,805,10.0,CRITICAL,nvd@nist.gov,1,OSGeo,JAI-EXT,CWE-94,Unknown,1
CVE-2022-24990,2023-02-07,2023-02-10,3,7.5,HIGH,nvd@nist.gov,1,TerraMaster,TerraMaster OS,CWE-306,Known,1
CVE-2022-2586,2024-01-08,2024-06-26,170,7.8,HIGH,nvd@nist.gov,1,Linux,Kernel,CWE-416,Unknown,1
CVE-2022-26134,2022-06-03,2022-06-02,-1,9.8,CRITICAL,nvd@nist.gov,1,Atlassian,Confluence Server/Data Center,CWE-917,Known,1
CVE-2022-26138,2022-07-20,2022-07-29,9,9.8,CRITICAL,nvd@nist.gov,1,Atlassian,Confluence,CWE-798,Unknown,1
CVE-2022-26143,2022-03-10,2022-03-25,15,9.8,CRITICAL,nvd@nist.gov,1,Mitel,"MiCollab, MiVoice Business Express",CWE-306,Unknown,1
CVE-2022-26258,2022-03-28,2022-09-08,164,9.8,CRITICAL,nvd@nist.gov,1,D-Link,DIR-820L,CWE-78,Unknown,1
CVE-2022-26318,2022-03-04,2022-03-25,21,9.8,CRITICAL,nvd@nist.gov,1,WatchGuard,Firebox and XTM Appliances,CWE-122,Unknown,1
CVE-2022-26352,2022-07-17,2022-08-25,39,9.8,CRITICAL,nvd@nist.gov,1,dotCMS,dotCMS,CWE-22,Known,1
CVE-2022-26485,2022-12-22,2022-03-07,-290,8.8,HIGH,nvd@nist.gov,1,Mozilla,Firefox,CWE-416,Unknown,1
CVE-2022-26486,2022-12-22,2022-03-07,-290,9.6,CRITICAL,nvd@nist.gov,1,Mozilla,Firefox,CWE-416,Unknown,1
CVE-2022-26500,2022-03-17,2022-12-13,271,8.8,HIGH,nvd@nist.gov,1,Veeam,Backup & Replication,CWE-22,Known,1
CVE-2022-26501,2022-03-17,2022-12-13,271,9.8,CRITICAL,nvd@nist.gov,1,Veeam,Backup & Replication,CWE-306,Known,1
CVE-2022-26871,2022-03-29,2022-03-31,2,9.8,CRITICAL,nvd@nist.gov,1,Trend Micro,Apex Central,CWE-184,Unknown,1
CVE-2022-26904,2022-04-15,2022-04-25,10,7.0,HIGH,secure@microsoft.com,0,Microsoft,Windows,CWE-362,Unknown,1
CVE-2022-26923,2022-05-10,2022-08-18,100,8.8,HIGH,secure@microsoft.com,0,Microsoft,Active Directory,CWE-295,Unknown,1
CVE-2022-26925,2022-05-10,2022-07-01,52,5.9,MEDIUM,nvd@nist.gov,1,Microsoft,Windows,CWE-306,Unknown,1
CVE-2022-27518,2022-12-13,2022-12-13,0,9.8,CRITICAL,nvd@nist.gov,1,Citrix,Application Delivery Controller (ADC) and Gateway,CWE-664,Unknown,1
CVE-2022-27593,2022-09-08,2022-09-08,0,9.1,CRITICAL,nvd@nist.gov,1,QNAP,Photo Station,CWE-610,Known,1
CVE-2022-27924,2022-04-21,2022-08-04,105,7.5,HIGH,nvd@nist.gov,1,Synacor,Zimbra Collaboration Suite (ZCS),CWE-93,Known,1
CVE-2022-27925,2022-04-21,2022-08-11,112,7.2,HIGH,nvd@nist.gov,1,Synacor,Zimbra Collaboration Suite (ZCS),CWE-22,Known,1
CVE-2022-27926,2022-04-21,2023-04-03,347,6.1,MEDIUM,nvd@nist.gov,1,Synacor,Zimbra Collaboration Suite (ZCS),CWE-79,Unknown,1
CVE-2022-2856,2022-09-26,2022-08-18,-39,6.5,MEDIUM,nvd@nist.gov,1,Google,Chromium Intents,CWE-20,Unknown,1
CVE-2022-28810,2022-04-18,2023-03-07,323,6.8,MEDIUM,nvd@nist.gov,1,Zoho,ManageEngine,CWE-78,Unknown,1
CVE-2022-29303,2022-05-12,2023-07-13,427,9.8,CRITICAL,nvd@nist.gov,1,SolarView,Compact,CWE-78,Unknown,1
CVE-2022-29464,2022-04-18,2022-04-25,7,9.8,CRITICAL,nvd@nist.gov,1,WSO2,Multiple Products,CWE-22,Known,1
CVE-2022-29499,2022-04-26,2022-06-27,62,9.8,CRITICAL,nvd@nist.gov,1,Mitel,MiVoice Connect,CWE-20,Known,1
CVE-2022-30190,2022-06-01,2022-06-14,13,7.8,HIGH,nvd@nist.gov,1,Microsoft,Windows,CWE-610,Known,1
CVE-2022-30333,2022-05-09,2022-08-09,92,7.5,HIGH,nvd@nist.gov,1,RARLAB,UnRAR,CWE-22,Known,1
CVE-2022-3038,2022-09-26,2023-03-30,185,8.8,HIGH,nvd@nist.gov,1,Google,Chromium Network Service,CWE-416,Unknown,1
CVE-2022-30525,2022-05-12,2022-05-16,4,9.8,CRITICAL,nvd@nist.gov,1,Zyxel,Multiple Firewalls,CWE-78,Unknown,1
CVE-2022-3075,2022-09-26,2022-09-08,-18,9.6,CRITICAL,nvd@nist.gov,1,Google,Chromium Mojo,CWE-20,Unknown,1
CVE-2022-31199,2022-11-08,2023-07-11,245,9.8,CRITICAL,nvd@nist.gov,1,Netwrix,Auditor,CWE-502,Known,1
CVE-2022-3236,2022-09-23,2022-09-23,0,9.8,CRITICAL,nvd@nist.gov,1,Sophos,Firewall,CWE-94,Unknown,1
CVE-2022-32893,2022-08-24,2022-08-18,-6,8.8,HIGH,nvd@nist.gov,1,Apple,iOS and macOS,CWE-20,Unknown,1
CVE-2022-32894,2022-08-24,2022-08-18,-6,7.8,HIGH,nvd@nist.gov,1,Apple,iOS and macOS,CWE-20,Unknown,1
CVE-2022-32917,2022-09-20,2022-09-14,-6,7.8,HIGH,nvd@nist.gov,1,Apple,"iOS, iPadOS, and macOS",CWE-20,Unknown,1
CVE-2022-33891,2022-07-18,2023-03-07,232,8.8,HIGH,nvd@nist.gov,1,Apache,Spark,CWE-78,Unknown,1
CVE-2022-34713,2022-08-09,2022-08-09,0,7.8,HIGH,secure@microsoft.com,0,Microsoft,Windows,,Unknown,1
CVE-2022-35405,2022-07-19,2022-09-22,65,9.8,CRITICAL,nvd@nist.gov,1,Zoho,ManageEngine,CWE-502,Unknown,1
CVE-2022-35914,2022-09-19,2023-03-07,169,9.8,CRITICAL,nvd@nist.gov,1,Teclib,GLPI,CWE-74,Unknown,1
CVE-2022-36537,2022-08-26,2023-02-27,185,7.5,HIGH,nvd@nist.gov,1,ZK Framework,AuUploader,CWE-441,Known,1
CVE-2022-36804,2022-08-25,2022-09-30,36,8.8,HIGH,nvd@nist.gov,1,Atlassian,Bitbucket Server and Data Center,CWE-78,Unknown,1
CVE-2022-37042,2022-08-12,2022-08-11,-1,9.8,CRITICAL,nvd@nist.gov,1,Synacor,Zimbra Collaboration Suite (ZCS),CWE-23,Known,1
CVE-2022-37055,2022-08-28,2025-12-08,1198,9.8,CRITICAL,nvd@nist.gov,1,D-Link,Routers,CWE-120,Unknown,1
CVE-2022-3723,2022-11-01,2022-10-28,-4,8.8,HIGH,nvd@nist.gov,1,Google,Chromium V8,CWE-122,Unknown,1
CVE-2022-37969,2022-09-13,2022-09-14,1,7.8,HIGH,secure@microsoft.com,0,Microsoft,Windows,CWE-20,Known,1
CVE-2022-38028,2022-10-11,2024-04-23,560,7.8,HIGH,secure@microsoft.com,0,Microsoft,Windows,,Unknown,1
CVE-2022-38181,2022-10-25,2023-03-30,156,8.8,HIGH,nvd@nist.gov,1,Arm,Mali Graphics Processing Unit (GPU),CWE-416,Unknown,1
CVE-2022-39197,2022-09-22,2023-03-30,189,6.1,MEDIUM,nvd@nist.gov,1,Fortra,Cobalt Strike,CWE-20,Unknown,1
CVE-2022-40139,2022-09-19,2022-09-15,-4,7.2,HIGH,nvd@nist.gov,1,Trend Micro,Apex One and Apex One as a Service,CWE-353,Unknown,1
CVE-2022-40684,2022-10-18,2022-10-11,-7,9.8,CRITICAL,nvd@nist.gov,1,Fortinet,Multiple Products,CWE-288,Known,1
CVE-2022-40765,2022-11-22,2023-02-21,91,6.8,MEDIUM,nvd@nist.gov,1,Mitel,MiVoice Connect,CWE-77,Known,1
CVE-2022-40799,2022-11-29,2025-08-05,980,8.8,HIGH,nvd@nist.gov,1,D-Link,DNR-322L,CWE-494,Unknown,1
CVE-2022-41033,2022-10-11,2022-10-11,0,7.8,HIGH,secure@microsoft.com,0,Microsoft,Windows COM+ Event System Service,CWE-843,Unknown,1
CVE-2022-41040,2022-10-03,2022-09-30,-3,8.8,HIGH,secure@microsoft.com,0,Microsoft,Exchange Server,CWE-918,Known,1
CVE-2022-41049,2022-11-09,2022-11-14,5,5.4,MEDIUM,secure@microsoft.com,0,Microsoft,Windows,CWE-274,Unknown,1
CVE-2022-41073,2022-11-09,2022-11-08,-1,7.8,HIGH,secure@microsoft.com,0,Microsoft,Windows,CWE-787,Known,1
CVE-2022-41080,2022-11-09,2023-01-10,62,9.8,CRITICAL,nvd@nist.gov,1,Microsoft,Exchange Server,,Known,1
CVE-2022-41082,2022-10-03,2022-09-30,-3,8.0,HIGH,secure@microsoft.com,0,Microsoft,Exchange Server,CWE-502,Known,1
CVE-2022-41091,2022-11-09,2022-11-08,-1,5.4,MEDIUM,secure@microsoft.com,0,Microsoft,Windows,CWE-863,Known,1
CVE-2022-41125,2022-11-09,2022-11-08,-1,7.8,HIGH,secure@microsoft.com,0,Microsoft,Windows,CWE-787,Unknown,1
CVE-2022-41128,2022-11-09,2022-11-08,-1,8.8,HIGH,secure@microsoft.com,0,Microsoft,Windows,CWE-787,Unknown,1
CVE-2022-41223,2022-11-22,2023-02-21,91,6.8,MEDIUM,nvd@nist.gov,1,Mitel,MiVoice Connect,CWE-94,Known,1
CVE-2022-41328,2023-03-07,2023-03-14,7,7.1,HIGH,nvd@nist.gov,1,Fortinet,FortiOS,CWE-22,Unknown,1
CVE-2022-4135,2022-11-25,2022-11-28,3,9.6,CRITICAL,nvd@nist.gov,1,Google,Chromium GPU,CWE-787,Unknown,1
CVE-2022-41352,2022-09-26,2022-10-20,24,9.8,CRITICAL,nvd@nist.gov,1,Synacor,Zimbra Collaboration Suite (ZCS),CWE-22,Unknown,1
CVE-2022-42475,2023-01-02,2022-12-13,-20,9.8,CRITICAL,nvd@nist.gov,1,Fortinet,FortiOS,CWE-197,Known,1
CVE-2022-4262,2022-12-02,2022-12-05,3,8.8,HIGH,nvd@nist.gov,1,Google,Chromium V8,CWE-122,Unknown,1
CVE-2022-42827,2022-11-01,2022-10-25,-7,7.8,HIGH,nvd@nist.gov,1,Apple,iOS and iPadOS,CWE-20,Unknown,1
CVE-2022-42856,2022-12-15,2022-12-14,-1,8.8,HIGH,nvd@nist.gov,1,Apple,iOS,CWE-843,Unknown,1
CVE-2022-42948,2023-03-24,2023-03-30,6,9.8,CRITICAL,nvd@nist.gov,1,Fortra,Cobalt Strike,CWE-79,Unknown,1
CVE-2022-43769,2023-04-03,2025-03-03,700,7.2,HIGH,nvd@nist.gov,1,Hitachi Vantara,Pentaho Business Analytics (BA) Server,CWE-74,Unknown,1
CVE-2022-43939,2023-04-03,2025-03-03,700,9.8,CRITICAL,nvd@nist.gov,1,Hitachi Vantara,Pentaho Business Analytics (BA) Server,CWE-647,Unknown,1
CVE-2022-44698,2022-12-13,2022-12-13,0,5.4,MEDIUM,secure@microsoft.com,0,Microsoft,Defender,CWE-755,Known,1
CVE-2022-44877,2023-01-05,2023-01-17,12,9.8,CRITICAL,nvd@nist.gov,1,CWP,Control Web Panel,CWE-78,Unknown,1
CVE-2022-46169,2022-12-05,2023-02-16,73,9.8,CRITICAL,nvd@nist.gov,1,Cacti,Cacti,CWE-74,Unknown,1
CVE-2022-47966,2023-01-18,2023-01-23,5,9.8,CRITICAL,nvd@nist.gov,1,Zoho,ManageEngine,,Known,1
CVE-2022-47986,2023-02-17,2023-02-21,4,9.8,CRITICAL,nvd@nist.gov,1,IBM,Aspera Faspex,CWE-502,Known,1
CVE-2022-48503,2023-08-14,2025-10-20,798,8.8,HIGH,nvd@nist.gov,1,Apple,Multiple Products,,Unknown,1
CVE-2022-48618,2024-01-09,2024-01-31,22,7.0,HIGH,nvd@nist.gov,1,Apple,Multiple Products,CWE-367,Unknown,1
CVE-2023-0266,2023-01-30,2023-03-30,59,7.0,HIGH,nvd@nist.gov,1,Linux,Kernel,CWE-416,Unknown,1
CVE-2023-0386,2023-03-22,2025-06-17,818,7.8,HIGH,nvd@nist.gov,1,Linux,Kernel,CWE-282,Unknown,1
CVE-2023-0669,2023-02-06,2023-02-10,4,7.2,HIGH,nvd@nist.gov,1,Fortra,GoAnywhere MFT,CWE-502,Known,1
CVE-2023-1389,2023-03-15,2023-05-01,47,8.8,HIGH,nvd@nist.gov,1,TP-Link,Archer AX21,CWE-77,Unknown,1
CVE-2023-1671,2023-04-04,2023-11-16,226,9.8,CRITICAL,nvd@nist.gov,1,Sophos,Web Appliance,CWE-77,Unknown,1
CVE-2023-20109,2023-09-27,2023-10-10,13,6.6,MEDIUM,nvd@nist.gov,1,Cisco,IOS and IOS XE,CWE-787,Unknown,1
CVE-2023-20118,2023-04-13,2025-03-03,690,7.2,HIGH,nvd@nist.gov,1,Cisco,Small Business RV Series Routers,CWE-77,Unknown,1
CVE-2023-20198,2023-10-16,2023-10-16,0,10.0,CRITICAL,nvd@nist.gov,1,Cisco,IOS XE Web UI,CWE-420,Unknown,1
CVE-2023-20269,2023-09-06,2023-09-13,7,9.1,CRITICAL,nvd@nist.gov,1,Cisco,Adaptive Security Appliance and Firepower Threat Defense,CWE-288,Known,1
CVE-2023-20273,2023-10-25,2023-10-23,-2,7.2,HIGH,nvd@nist.gov,1,Cisco,Cisco IOS XE Web UI,CWE-78,Unknown,1
CVE-2023-2033,2023-04-14,2023-04-17,3,8.8,HIGH,nvd@nist.gov,1,Google,Chromium V8,CWE-843,Unknown,1
CVE-2023-20867,2023-06-13,2023-06-23,10,3.9,LOW,nvd@nist.gov,1,VMware,Tools,CWE-287,Unknown,1
CVE-2023-20887,2023-06-07,2023-06-22,15,9.8,CRITICAL,nvd@nist.gov,1,VMware,Aria Operations for Networks,CWE-77,Unknown,1
CVE-2023-20963,2023-03-24,2023-04-13,20,7.8,HIGH,nvd@nist.gov,1,Android,Framework,CWE-295,Unknown,1
CVE-2023-21237,2023-06-28,2024-03-05,251,5.5,MEDIUM,nvd@nist.gov,1,Android,Pixel,CWE-200,Unknown,1
CVE-2023-2136,2023-04-19,2023-04-21,2,9.6,CRITICAL,nvd@nist.gov,1,Google,Chromium Skia,CWE-190,Unknown,1
CVE-2023-21492,2023-05-04,2023-05-19,15,4.4,MEDIUM,nvd@nist.gov,1,Samsung,Mobile Devices,CWE-532,Unknown,1
CVE-2023-21529,2023-02-14,2026-04-13,1154,8.8,HIGH,secure@microsoft.com,0,Microsoft,Exchange Server,CWE-502,Known,1
CVE-2023-21608,2023-01-18,2023-10-10,265,7.8,HIGH,psirt@adobe.com,0,Adobe,Acrobat and Reader,CWE-416,Unknown,1
CVE-2023-21674,2023-01-10,2023-01-10,0,8.8,HIGH,secure@microsoft.com,0,Microsoft,Windows,CWE-416,Unknown,1
CVE-2023-21715,2023-02-14,2023-02-14,0,7.3,HIGH,nvd@nist.gov,1,Microsoft,Office,CWE-863,Unknown,1
CVE-2023-21823,2023-02-14,2023-02-14,0,7.8,HIGH,secure@microsoft.com,0,Microsoft,Windows,CWE-190,Unknown,1
CVE-2023-21839,2023-01-18,2023-05-01,103,7.5,HIGH,secalert_us@oracle.com,0,Oracle,WebLogic Server,,Unknown,1
CVE-2023-22515,2023-10-04,2023-10-05,1,9.8,CRITICAL,nvd@nist.gov,1,Atlassian,Confluence Data Center and Server,,Known,1
CVE-2023-22518,2023-10-31,2023-11-07,7,9.8,CRITICAL,nvd@nist.gov,1,Atlassian,Confluence Data Center and Server,CWE-863,Known,1
CVE-2023-22527,2024-01-16,2024-01-24,8,9.8,CRITICAL,nvd@nist.gov,1,Atlassian,Confluence Data Center and Server,CWE-74,Known,1
CVE-2023-22952,2023-01-11,2023-02-02,22,8.8,HIGH,nvd@nist.gov,1,SugarCRM,Multiple Products,CWE-20,Unknown,1
CVE-2023-23376,2023-02-14,2023-02-14,0,7.8,HIGH,secure@microsoft.com,0,Microsoft,Windows,CWE-122,Known,1
CVE-2023-23397,2023-03-14,2023-03-14,0,9.8,CRITICAL,nvd@nist.gov,1,Microsoft,Office,CWE-294,Unknown,1
CVE-2023-23529,2023-02-27,2023-02-14,-13,8.8,HIGH,nvd@nist.gov,1,Apple,Multiple Products,CWE-843,Unknown,1
CVE-2023-23752,2023-02-16,2024-01-08,326,5.3,MEDIUM,nvd@nist.gov,1,Joomla!,Joomla!,CWE-284,Unknown,1
CVE-2023-24489,2023-07-10,2023-08-16,37,9.8,CRITICAL,nvd@nist.gov,1,Citrix,Content Collaboration,CWE-284,Unknown,1
CVE-2023-24880,2023-03-14,2023-03-14,0,4.4,MEDIUM,nvd@nist.gov,1,Microsoft,Windows,CWE-863,Known,1
CVE-2023-24955,2023-05-09,2024-03-26,322,7.2,HIGH,secure@microsoft.com,0,Microsoft,SharePoint Server,CWE-94,Known,1
CVE-2023-25280,2023-03-16,2024-09-30,564,9.8,CRITICAL,nvd@nist.gov,1,D-Link,DIR-820 Router,CWE-78,Unknown,1
CVE-2023-2533,2023-06-20,2025-07-28,769,8.8,HIGH,nvd@nist.gov,1,PaperCut,NG/MF,CWE-352,Unknown,1
CVE-2023-25717,2023-02-13,2023-05-12,88,9.8,CRITICAL,nvd@nist.gov,1,Ruckus Wireless,Multiple Products,CWE-94,Unknown,1
CVE-2023-26083,2023-04-06,2023-04-07,1,3.3,LOW,nvd@nist.gov,1,Arm,Mali Graphics Processing Unit (GPU),CWE-401,Unknown,1
CVE-2023-26359,2023-03-23,2023-08-21,151,9.8,CRITICAL,psirt@adobe.com,0,Adobe,ColdFusion,CWE-502,Unknown,1
CVE-2023-26360,2023-03-23,2023-03-15,-8,9.8,CRITICAL,nvd@nist.gov,1,Adobe,ColdFusion,CWE-284,Unknown,1
CVE-2023-26369,2023-09-13,2023-09-14,1,7.8,HIGH,psirt@adobe.com,0,Adobe,Acrobat and Reader,CWE-787,Unknown,1
CVE-2023-27350,2023-04-20,2023-04-21,1,9.8,CRITICAL,nvd@nist.gov,1,PaperCut,MF/NG,CWE-284,Known,1
CVE-2023-27351,2023-04-20,2026-04-20,1096,7.5,HIGH,nvd@nist.gov,1,PaperCut,NG/MF,CWE-287,Known,1
CVE-2023-27524,2023-04-24,2024-01-08,259,9.8,CRITICAL,nvd@nist.gov,1,Apache,Superset,CWE-1188,Unknown,1
CVE-2023-27532,2023-03-10,2023-08-22,165,7.5,HIGH,nvd@nist.gov,1,Veeam,Backup & Replication,CWE-306,Known,1
CVE-2023-27992,2023-06-19,2023-06-23,4,9.8,CRITICAL,security@zyxel.com.tw,0,Zyxel,Multiple Network-Attached Storage (NAS) Devices,CWE-78,Unknown,1
CVE-2023-27997,2023-06-13,2023-06-13,0,9.8,CRITICAL,nvd@nist.gov,1,Fortinet,FortiOS and FortiProxy SSL-VPN,CWE-122,Known,1
CVE-2023-28204,2023-06-23,2023-05-22,-32,6.5,MEDIUM,nvd@nist.gov,1,Apple,Multiple Products,CWE-125,Unknown,1
CVE-2023-28205,2023-04-10,2023-04-10,0,8.8,HIGH,nvd@nist.gov,1,Apple,Multiple Products,CWE-416,Unknown,1
CVE-2023-28206,2023-04-10,2023-04-10,0,8.6,HIGH,nvd@nist.gov,1,Apple,"iOS, iPadOS, and macOS",CWE-787,Unknown,1
CVE-2023-28229,2023-04-11,2023-10-04,176,7.0,HIGH,secure@microsoft.com,0,Microsoft,Windows CNG Key Isolation Service,CWE-591,Unknown,1
CVE-2023-28252,2023-04-11,2023-04-11,0,7.8,HIGH,secure@microsoft.com,0,Microsoft,Windows,CWE-122,Known,1
CVE-2023-28432,2023-03-22,2023-04-21,30,7.5,HIGH,nvd@nist.gov,1,MinIO,MinIO,CWE-200,Unknown,1
CVE-2023-28434,2023-03-22,2023-09-19,181,8.8,HIGH,nvd@nist.gov,1,MinIO,MinIO,CWE-269,Unknown,1
CVE-2023-28461,2023-03-15,2024-11-25,621,9.8,CRITICAL,nvd@nist.gov,1,Array Networks ,AG/vxAG ArrayOS,CWE-306,Known,1
CVE-2023-2868,2023-05-24,2023-05-26,2,9.8,CRITICAL,nvd@nist.gov,1,Barracuda Networks,Email Security Gateway (ESG) Appliance,CWE-20,Unknown,1
CVE-2023-28771,2023-04-25,2023-05-31,36,9.8,CRITICAL,nvd@nist.gov,1,Zyxel,Multiple Firewalls,CWE-78,Unknown,1
CVE-2023-29298,2023-07-12,2023-07-20,8,7.5,HIGH,nvd@nist.gov,1,Adobe,ColdFusion,CWE-284,Unknown,1
CVE-2023-29300,2023-07-12,2024-01-08,180,9.8,CRITICAL,psirt@adobe.com,0,Adobe,ColdFusion,CWE-502,Known,1
CVE-2023-29336,2023-05-09,2023-05-09,0,7.8,HIGH,secure@microsoft.com,0,Microsoft,Win32k,CWE-416,Unknown,1
CVE-2023-29357,2023-06-14,2024-01-10,210,9.8,CRITICAL,secure@microsoft.com,0,Microsoft,SharePoint Server,CWE-303,Known,1
CVE-2023-29360,2023-06-14,2024-02-29,260,8.4,HIGH,secure@microsoft.com,0,Microsoft,Streaming Service,CWE-822,Unknown,1
CVE-2023-29492,2023-04-11,2023-04-13,2,9.8,CRITICAL,nvd@nist.gov,1,Novi Survey,Novi Survey,CWE-94,Unknown,1
CVE-2023-29552,2023-04-25,2023-11-08,197,7.5,HIGH,nvd@nist.gov,1,IETF,Service Location Protocol (SLP),,Unknown,1
CVE-2023-3079,2023-06-05,2023-06-07,2,8.8,HIGH,nvd@nist.gov,1,Google,Chromium V8,CWE-843,Unknown,1
CVE-2023-32046,2023-07-11,2023-07-11,0,7.8,HIGH,secure@microsoft.com,0,Microsoft,Windows,,Unknown,1
CVE-2023-32049,2023-07-11,2023-07-11,0,8.8,HIGH,secure@microsoft.com,0,Microsoft,Windows,,Unknown,1
CVE-2023-32315,2023-05-26,2023-08-24,90,7.5,HIGH,nvd@nist.gov,1,Ignite Realtime,Openfire,CWE-22,Unknown,1
CVE-2023-32373,2023-06-23,2023-05-22,-32,8.8,HIGH,nvd@nist.gov,1,Apple,Multiple Products,CWE-416,Unknown,1
CVE-2023-32409,2023-06-23,2023-05-22,-32,8.6,HIGH,nvd@nist.gov,1,Apple,Multiple Products,,Unknown,1
CVE-2023-32434,2023-06-23,2023-06-23,0,7.8,HIGH,nvd@nist.gov,1,Apple,Multiple Products,CWE-190,Unknown,1
CVE-2023-32435,2023-06-23,2023-06-23,0,8.8,HIGH,nvd@nist.gov,1,Apple,Multiple Products,CWE-787,Unknown,1
CVE-2023-32439,2023-06-23,2023-06-23,0,8.8,HIGH,nvd@nist.gov,1,Apple,Multiple Products,CWE-843,Unknown,1
CVE-2023-33009,2023-05-24,2023-06-05,12,9.8,CRITICAL,nvd@nist.gov,1,Zyxel,Multiple Firewalls,CWE-120,Unknown,1
CVE-2023-33010,2023-05-24,2023-06-05,12,9.8,CRITICAL,nvd@nist.gov,1,Zyxel,Multiple Firewalls,CWE-120,Unknown,1
CVE-2023-33063,2023-12-05,2023-12-05,0,7.8,HIGH,nvd@nist.gov,1,Qualcomm,Multiple Chipsets,CWE-416,Unknown,1
CVE-2023-33106,2023-12-05,2023-12-05,0,7.8,HIGH,nvd@nist.gov,1,Qualcomm,Multiple Chipsets,CWE-823,Unknown,1
CVE-2023-33107,2023-12-05,2023-12-05,0,7.8,HIGH,nvd@nist.gov,1,Qualcomm,Multiple Chipsets,CWE-190,Unknown,1
CVE-2023-33246,2023-05-24,2023-09-06,105,9.8,CRITICAL,nvd@nist.gov,1,Apache,RocketMQ,CWE-94,Unknown,1
CVE-2023-33538,2023-06-07,2025-06-16,740,8.8,HIGH,nvd@nist.gov,1,TP-Link,Multiple Routers,CWE-77,Unknown,1
CVE-2023-34048,2023-10-25,2024-01-22,89,9.8,CRITICAL,nvd@nist.gov,1,VMware,vCenter Server,CWE-787,Unknown,1
CVE-2023-34192,2023-07-06,2025-02-25,600,9.0,CRITICAL,nvd@nist.gov,1,Synacor,Zimbra Collaboration Suite (ZCS),CWE-79,Unknown,1
CVE-2023-34362,2023-06-02,2023-06-02,0,9.8,CRITICAL,nvd@nist.gov,1,Progress,MOVEit Transfer,CWE-89,Known,1
CVE-2023-35078,2023-07-25,2023-07-25,0,9.8,CRITICAL,nvd@nist.gov,1,Ivanti,Endpoint Manager Mobile (EPMM),CWE-287,Known,1
CVE-2023-35081,2023-08-03,2023-07-31,-3,7.2,HIGH,nvd@nist.gov,1,Ivanti,Endpoint Manager Mobile (EPMM),CWE-22,Unknown,1
CVE-2023-35082,2023-08-15,2024-01-18,156,9.8,CRITICAL,nvd@nist.gov,1,Ivanti,Endpoint Manager Mobile (EPMM) and MobileIron Core,CWE-287,Known,1
CVE-2023-3519,2023-07-19,2023-07-19,0,9.8,CRITICAL,nvd@nist.gov,1,Citrix,NetScaler ADC and NetScaler Gateway,CWE-94,Known,1
CVE-2023-35311,2023-07-11,2023-07-11,0,7.5,HIGH,nvd@nist.gov,1,Microsoft,Outlook,CWE-367,Unknown,1
CVE-2023-35674,2023-09-11,2023-09-13,2,7.8,HIGH,nvd@nist.gov,1,Android,Framework,,Unknown,1
CVE-2023-36025,2023-11-14,2023-11-14,0,8.8,HIGH,nvd@nist.gov,1,Microsoft,Windows,,Unknown,1
CVE-2023-36033,2023-11-14,2023-11-14,0,7.8,HIGH,nvd@nist.gov,1,Microsoft,Windows,CWE-822,Unknown,1
CVE-2023-36036,2023-11-14,2023-11-14,0,7.8,HIGH,nvd@nist.gov,1,Microsoft,Windows,CWE-122,Unknown,1
CVE-2023-36424,2023-11-14,2026-04-13,881,7.8,HIGH,nvd@nist.gov,1,Microsoft,Windows,CWE-125,Unknown,1
CVE-2023-36563,2023-10-10,2023-10-10,0,5.5,MEDIUM,nvd@nist.gov,1,Microsoft,WordPad,CWE-20,Unknown,1
CVE-2023-36584,2023-10-10,2023-11-16,37,5.4,MEDIUM,secure@microsoft.com,0,Microsoft,Windows,,Unknown,1
CVE-2023-36761,2023-09-12,2023-09-12,0,6.5,MEDIUM,nvd@nist.gov,1,Microsoft,Word,CWE-668,Unknown,1
CVE-2023-36802,2023-09-12,2023-09-12,0,7.8,HIGH,secure@microsoft.com,0,Microsoft,Streaming Service Proxy,CWE-416,Unknown,1
CVE-2023-36844,2023-08-17,2023-11-13,88,5.3,MEDIUM,nvd@nist.gov,1,Juniper,Junos OS,CWE-473,Unknown,1
CVE-2023-36845,2023-08-17,2023-11-13,88,9.8,CRITICAL,sirt@juniper.net,0,Juniper,Junos OS,CWE-473,Unknown,1
CVE-2023-36846,2023-08-17,2023-11-13,88,5.3,MEDIUM,nvd@nist.gov,1,Juniper,Junos OS,CWE-306,Unknown,1
CVE-2023-36847,2023-08-17,2023-11-13,88,5.3,MEDIUM,nvd@nist.gov,1,Juniper,Junos OS,CWE-306,Unknown,1
CVE-2023-36851,2023-09-27,2023-11-13,47,5.3,MEDIUM,nvd@nist.gov,1,Juniper,Junos OS,CWE-306,Unknown,1
CVE-2023-36874,2023-07-11,2023-07-11,0,7.8,HIGH,secure@microsoft.com,0,Microsoft,Windows,CWE-59,Unknown,1
CVE-2023-36884,2023-07-11,2023-07-17,6,7.5,HIGH,nvd@nist.gov,1,Microsoft,Windows,CWE-362,Known,1
CVE-2023-37450,2023-07-27,2023-07-13,-14,8.8,HIGH,nvd@nist.gov,1,Apple,Multiple Products,,Unknown,1
CVE-2023-37580,2023-07-31,2023-07-27,-4,6.1,MEDIUM,nvd@nist.gov,1,Synacor,Zimbra Collaboration Suite (ZCS),CWE-79,Unknown,1
CVE-2023-38035,2023-08-21,2023-08-22,1,9.8,CRITICAL,nvd@nist.gov,1,Ivanti,Sentry,CWE-863,Known,1
CVE-2023-38180,2023-08-08,2023-08-09,1,7.5,HIGH,secure@microsoft.com,0,Microsoft,.NET Core and Visual Studio,,Unknown,1
CVE-2023-38203,2023-07-20,2024-01-08,172,9.8,CRITICAL,psirt@adobe.com,0,Adobe,ColdFusion,CWE-502,Known,1
CVE-2023-38205,2023-09-14,2023-07-20,-56,7.5,HIGH,psirt@adobe.com,0,Adobe,ColdFusion,CWE-284,Unknown,1
CVE-2023-38606,2023-07-27,2023-07-26,-1,5.5,MEDIUM,nvd@nist.gov,1,Apple,Multiple Products,,Unknown,1
CVE-2023-38831,2023-08-23,2023-08-24,1,7.8,HIGH,nvd@nist.gov,1,RARLAB,WinRAR,CWE-351,Known,1
CVE-2023-38950,2023-08-03,2025-05-19,655,7.5,HIGH,nvd@nist.gov,1,ZKTeco,BioTime,CWE-22,Unknown,1
CVE-2023-39780,2023-09-11,2025-06-02,630,8.8,HIGH,nvd@nist.gov,1,ASUS,RT-AX55 Routers,CWE-78,Unknown,1
CVE-2023-40044,2023-09-27,2023-10-05,8,8.8,HIGH,nvd@nist.gov,1,Progress,WS_FTP Server,CWE-502,Known,1
CVE-2023-41061,2023-09-07,2023-09-11,4,7.8,HIGH,nvd@nist.gov,1,Apple,"iOS, iPadOS, and watchOS",,Unknown,1
CVE-2023-41064,2023-09-07,2023-09-11,4,7.8,HIGH,nvd@nist.gov,1,Apple,"iOS, iPadOS, and macOS",CWE-120,Unknown,1
CVE-2023-41179,2023-09-19,2023-09-21,2,7.2,HIGH,nvd@nist.gov,1,Trend Micro,Apex One and Worry-Free Business Security,,Unknown,1
CVE-2023-41265,2023-08-29,2023-12-07,100,9.9,CRITICAL,nvd@nist.gov,1,Qlik,Sense,CWE-444,Known,1
CVE-2023-41266,2023-08-29,2023-12-07,100,6.5,MEDIUM,nvd@nist.gov,1,Qlik,Sense,CWE-20,Known,1
CVE-2023-41763,2023-10-10,2023-10-10,0,5.3,MEDIUM,secure@microsoft.com,0,Microsoft,Skype for Business,CWE-918,Unknown,1
CVE-2023-41974,2024-01-10,2026-03-05,785,7.8,HIGH,nvd@nist.gov,1,Apple,iOS and iPadOS,CWE-416,Unknown,1
CVE-2023-41990,2023-09-12,2024-01-08,118,7.8,HIGH,nvd@nist.gov,1,Apple,Multiple Products,,Unknown,1
CVE-2023-41991,2023-09-21,2023-09-25,4,5.5,MEDIUM,nvd@nist.gov,1,Apple,Multiple Products,CWE-295,Unknown,1
CVE-2023-41992,2023-09-21,2023-09-25,4,7.8,HIGH,nvd@nist.gov,1,Apple,Multiple Products,CWE-754,Unknown,1
CVE-2023-41993,2023-09-21,2023-09-25,4,8.8,HIGH,nvd@nist.gov,1,Apple,Multiple Products,CWE-754,Unknown,1
CVE-2023-4211,2023-10-01,2023-10-03,2,5.5,MEDIUM,nvd@nist.gov,1,Arm,Mali GPU Kernel Driver,CWE-416,Unknown,1
CVE-2023-42793,2023-09-19,2023-10-04,15,9.8,CRITICAL,nvd@nist.gov,1,JetBrains,TeamCity,CWE-288,Known,1
CVE-2023-42824,2023-10-04,2023-10-05,1,7.8,HIGH,nvd@nist.gov,1,Apple,iOS and iPadOS,,Unknown,1
CVE-2023-42916,2023-11-30,2023-12-04,4,6.5,MEDIUM,nvd@nist.gov,1,Apple,Multiple Products,CWE-125,Unknown,1
CVE-2023-42917,2023-11-30,2023-12-04,4,8.8,HIGH,nvd@nist.gov,1,Apple,Multiple Products,CWE-787,Unknown,1
CVE-2023-43000,2025-11-05,2026-03-05,120,8.8,HIGH,nvd@nist.gov,1,Apple,Multiple Products,CWE-416,Unknown,1
CVE-2023-43208,2023-10-26,2024-05-20,207,9.8,CRITICAL,nvd@nist.gov,1,NextGen Healthcare,Mirth Connect,CWE-502,Known,1
CVE-2023-4346,2023-08-29,2026-07-15,1051,7.5,HIGH,nvd@nist.gov,1,KNX Association,KNX Protocol Connection Authorization Option 1,CWE-645,Unknown,1
CVE-2023-43770,2023-09-22,2024-02-12,143,6.1,MEDIUM,nvd@nist.gov,1,Roundcube,Webmail,CWE-79,Unknown,1
CVE-2023-44221,2023-12-05,2025-05-01,513,7.2,HIGH,nvd@nist.gov,1,SonicWall,SMA100 Appliances,CWE-78,Unknown,1
CVE-2023-44487,2023-10-10,2023-10-10,0,7.5,HIGH,nvd@nist.gov,1,IETF,HTTP/2,CWE-400,Unknown,1
CVE-2023-45249,2024-07-24,2024-07-29,5,9.8,CRITICAL,nvd@nist.gov,1,Acronis,Cyber Infrastructure (ACI),CWE-1393,Unknown,1
CVE-2023-45727,2023-10-18,2024-12-03,412,7.5,HIGH,nvd@nist.gov,1,North Grid,Proself,CWE-611,Unknown,1
CVE-2023-46604,2023-10-27,2023-11-02,6,9.8,CRITICAL,nvd@nist.gov,1,Apache,ActiveMQ,CWE-502,Known,1
CVE-2023-46747,2023-10-26,2023-10-31,5,9.8,CRITICAL,nvd@nist.gov,1,F5,BIG-IP Configuration Utility,CWE-288,Known,1
CVE-2023-46748,2023-10-26,2023-10-31,5,8.8,HIGH,nvd@nist.gov,1,F5,BIG-IP Configuration Utility,CWE-89,Unknown,1
CVE-2023-46805,2024-01-12,2024-01-10,-2,8.2,HIGH,nvd@nist.gov,1,Ivanti,Connect Secure and Policy Secure,CWE-287,Known,1
CVE-2023-47246,2023-11-10,2023-11-13,3,9.8,CRITICAL,nvd@nist.gov,1,SysAid,SysAid Server,CWE-22,Known,1
CVE-2023-47565,2023-12-08,2023-12-21,13,8.8,HIGH,nvd@nist.gov,1,QNAP,VioStor NVR,CWE-78,Unknown,1
CVE-2023-4762,2023-09-05,2024-02-06,154,8.8,HIGH,nvd@nist.gov,1,Google,Chromium V8,CWE-843,Unknown,1
CVE-2023-48365,2023-11-15,2025-01-13,425,9.9,CRITICAL,nvd@nist.gov,1,Qlik,Sense,CWE-444,Known,1
CVE-2023-4863,2023-09-12,2023-09-13,1,8.8,HIGH,nvd@nist.gov,1,Google,Chromium WebP,CWE-787,Unknown,1
CVE-2023-48788,2024-03-12,2024-03-25,13,9.8,CRITICAL,nvd@nist.gov,1,Fortinet,FortiClient EMS,CWE-89,Known,1
CVE-2023-49103,2023-11-21,2023-11-30,9,7.5,HIGH,nvd@nist.gov,1,ownCloud,ownCloud graphapi,,Unknown,1
CVE-2023-49105,2023-11-21,2026-08-27,1010,9.8,CRITICAL,nvd@nist.gov,1,ownCloud,ownCloud,CWE-287,Unknown,1
CVE-2023-4911,2023-10-03,2023-11-21,49,7.8,HIGH,nvd@nist.gov,1,GNU,GNU C Library,CWE-122,Unknown,1
CVE-2023-4966,2023-10-10,2023-10-18,8,7.5,HIGH,nvd@nist.gov,1,Citrix,NetScaler ADC and NetScaler Gateway,CWE-119,Known,1
CVE-2023-49897,2023-12-06,2023-12-21,15,8.8,HIGH,nvd@nist.gov,1,FXC,"AE1021, AE1021PE",CWE-78,Unknown,1
CVE-2023-50224,2024-05-03,2025-09-03,488,6.5,MEDIUM,zdi-disclosures@trendmicro.com,0,TP-Link,TL-WR841N,CWE-290,Unknown,1
CVE-2023-52163,2025-02-03,2025-12-22,322,8.8,HIGH,134c704f-9b21-4f2e-91b3-4a467353bcc0,0,Digiever,DS-2105 Pro,CWE-862,Unknown,1
CVE-2023-5217,2023-09-28,2023-10-02,4,8.8,HIGH,nvd@nist.gov,1,Google,Chromium libvpx,CWE-787,Unknown,1
CVE-2023-5631,2023-10-18,2023-10-26,8,5.4,MEDIUM,nvd@nist.gov,1,Roundcube,Webmail,CWE-79,Unknown,1
CVE-2023-6345,2023-11-29,2023-11-30,1,9.6,CRITICAL,nvd@nist.gov,1,Google,Chromium Skia,CWE-190,Unknown,1
CVE-2023-6448,2023-12-05,2023-12-11,6,9.8,CRITICAL,nvd@nist.gov,1,Unitronics,Vision PLC and HMI,CWE-1188,Unknown,1
CVE-2023-6548,2024-01-17,2024-01-17,0,8.8,HIGH,nvd@nist.gov,1,Citrix,NetScaler ADC and NetScaler Gateway,CWE-94,Unknown,1
CVE-2023-6549,2024-01-17,2024-01-17,0,7.5,HIGH,nvd@nist.gov,1,Citrix,NetScaler ADC and NetScaler Gateway,CWE-119,Unknown,1
CVE-2023-7024,2023-12-21,2024-01-02,12,8.8,HIGH,nvd@nist.gov,1,Google,Chromium WebRTC,CWE-787,Unknown,1
CVE-2023-7028,2024-01-12,2024-05-01,110,9.8,CRITICAL,nvd@nist.gov,1,GitLab,GitLab CE/EE,CWE-284,Unknown,1
CVE-2023-7101,2023-12-24,2024-01-02,9,7.8,HIGH,nvd@nist.gov,1,Spreadsheet::ParseExcel,Spreadsheet::ParseExcel,CWE-95,Unknown,1
CVE-2024-0012,2024-11-18,2024-11-18,0,9.8,CRITICAL,nvd@nist.gov,1,Palo Alto Networks,PAN-OS,CWE-306,Known,1
CVE-2024-0519,2024-01-16,2024-01-17,1,8.8,HIGH,nvd@nist.gov,1,Google,Chromium V8,CWE-787,Unknown,1
CVE-2024-0769,2024-01-21,2025-06-25,521,9.8,CRITICAL,nvd@nist.gov,1,D-Link,DIR-859 Router,CWE-22,Unknown,1
CVE-2024-1086,2024-01-31,2024-05-30,120,7.8,HIGH,nvd@nist.gov,1,Linux,Kernel,CWE-416,Known,1
CVE-2024-11120,2024-11-15,2025-05-07,173,9.8,CRITICAL,nvd@nist.gov,1,GeoVision,Multiple Devices,CWE-78,Unknown,1
CVE-2024-11182,2024-11-15,2025-05-19,185,6.1,MEDIUM,nvd@nist.gov,1,MDaemon,Email Server,CWE-79,Unknown,1
CVE-2024-11667,2024-11-27,2024-12-03,6,9.8,CRITICAL,nvd@nist.gov,1,Zyxel,Multiple Firewalls,CWE-22,Known,1
CVE-2024-11680,2024-11-26,2024-12-03,7,9.8,CRITICAL,nvd@nist.gov,1,ProjectSend,ProjectSend,CWE-287,Unknown,1
CVE-2024-1212,2024-02-21,2024-11-18,271,9.8,CRITICAL,nvd@nist.gov,1,Progress,Kemp LoadMaster,CWE-78,Unknown,1
CVE-2024-12356,2024-12-17,2024-12-19,2,9.8,CRITICAL,nvd@nist.gov,1,BeyondTrust,Privileged Remote Access (PRA) and Remote Support (RS) ,CWE-77,Unknown,1
CVE-2024-12686,2024-12-18,2025-01-13,26,7.2,HIGH,nvd@nist.gov,1,BeyondTrust,Privileged Remote Access (PRA) and Remote Support (RS),CWE-78,Unknown,1
CVE-2024-12987,2024-12-27,2025-05-15,139,9.8,CRITICAL,nvd@nist.gov,1,DrayTek,Vigor Routers,CWE-78,Unknown,1
CVE-2024-13159,2025-01-14,2025-03-10,55,7.5,HIGH,nvd@nist.gov,1,Ivanti,Endpoint Manager (EPM),CWE-36,Unknown,1
CVE-2024-13160,2025-01-14,2025-03-10,55,7.5,HIGH,nvd@nist.gov,1,Ivanti,Endpoint Manager (EPM),CWE-36,Unknown,1
CVE-2024-13161,2025-01-14,2025-03-10,55,7.5,HIGH,nvd@nist.gov,1,Ivanti,Endpoint Manager (EPM),CWE-36,Unknown,1
CVE-2024-1708,2024-02-21,2026-04-28,797,8.4,HIGH,nvd@nist.gov,1,ConnectWise,ScreenConnect,CWE-22,Known,1
CVE-2024-1709,2024-02-21,2024-02-22,1,10.0,CRITICAL,nvd@nist.gov,1,ConnectWise,ScreenConnect,CWE-288,Known,1
CVE-2024-20353,2024-04-24,2024-04-24,0,8.6,HIGH,nvd@nist.gov,1,Cisco,Adaptive Security Appliance (ASA) and Firepower Threat Defense (FTD),CWE-835,Unknown,1
CVE-2024-20359,2024-04-24,2024-04-24,0,6.0,MEDIUM,nvd@nist.gov,1,Cisco,Adaptive Security Appliance (ASA) and Firepower Threat Defense (FTD),CWE-94,Unknown,1
CVE-2024-20399,2024-07-01,2024-07-02,1,6.7,MEDIUM,nvd@nist.gov,1,Cisco,NX-OS,CWE-78,Unknown,1
CVE-2024-20439,2024-09-04,2025-03-31,208,9.8,CRITICAL,nvd@nist.gov,1,Cisco,Smart Licensing Utility,CWE-912,Unknown,1
CVE-2024-20481,2024-10-23,2024-10-24,1,5.8,MEDIUM,nvd@nist.gov,1,Cisco,Adaptive Security Appliance (ASA) and Firepower Threat Defense (FTD),CWE-772,Unknown,1
CVE-2024-20767,2024-03-18,2024-12-16,273,7.4,HIGH,nvd@nist.gov,1,Adobe,ColdFusion,CWE-284,Unknown,1
CVE-2024-20953,2024-02-17,2025-02-24,373,8.8,HIGH,secalert_us@oracle.com,0,Oracle,Agile Product Lifecycle Management (PLM),CWE-502,Unknown,1
CVE-2024-21182,2024-07-16,2026-06-01,685,7.5,HIGH,secalert_us@oracle.com,0,Oracle,WebLogic Server,,Unknown,1
CVE-2024-21287,2024-11-18,2024-11-21,3,7.5,HIGH,secalert_us@oracle.com,0,Oracle,Agile Product Lifecycle Management (PLM),CWE-863,Unknown,1
CVE-2024-21338,2024-02-13,2024-03-04,20,7.8,HIGH,secure@microsoft.com,0,Microsoft,Windows,CWE-822,Known,1
CVE-2024-21351,2024-02-13,2024-02-13,0,7.6,HIGH,secure@microsoft.com,0,Microsoft,Windows,CWE-94,Unknown,1
CVE-2024-21410,2024-02-13,2024-02-15,2,9.8,CRITICAL,secure@microsoft.com,0,Microsoft,Exchange Server,CWE-287,Unknown,1
CVE-2024-21412,2024-02-13,2024-02-13,0,8.1,HIGH,secure@microsoft.com,0,Microsoft,Windows,CWE-693,Known,1
CVE-2024-21413,2024-02-13,2025-02-06,359,9.8,CRITICAL,secure@microsoft.com,0,Microsoft,Office Outlook,CWE-20,Unknown,1
CVE-2024-21762,2024-02-09,2024-02-09,0,9.8,CRITICAL,nvd@nist.gov,1,Fortinet,FortiOS,CWE-787,Known,1
CVE-2024-21887,2024-01-12,2024-01-10,-2,9.1,CRITICAL,nvd@nist.gov,1,Ivanti,Connect Secure and Policy Secure,CWE-77,Known,1
CVE-2024-21893,2024-01-31,2024-01-31,0,8.2,HIGH,nvd@nist.gov,1,Ivanti,"Connect Secure, Policy Secure, and Neurons",CWE-918,Known,1
CVE-2024-23113,2024-02-15,2024-10-09,237,9.8,CRITICAL,nvd@nist.gov,1,Fortinet,Multiple Products,CWE-134,Unknown,1
CVE-2024-23222,2024-01-23,2024-01-23,0,8.8,HIGH,nvd@nist.gov,1,Apple,Multiple Products,CWE-843,Unknown,1
CVE-2024-23225,2024-03-05,2024-03-06,1,7.8,HIGH,nvd@nist.gov,1,Apple,Multiple Products,CWE-787,Unknown,1
CVE-2024-23296,2024-03-05,2024-03-06,1,7.8,HIGH,nvd@nist.gov,1,Apple,Multiple Products,CWE-787,Unknown,1
CVE-2024-23692,2024-05-31,2024-07-09,39,9.8,CRITICAL,nvd@nist.gov,1,Rejetto,HTTP File Server,CWE-1336,Known,1
CVE-2024-23897,2024-01-24,2024-08-19,208,9.8,CRITICAL,nvd@nist.gov,1,Jenkins,Jenkins Command Line Interface (CLI),CWE-27,Known,1
CVE-2024-24919,2024-05-28,2024-05-30,2,8.6,HIGH,nvd@nist.gov,1,Check Point,Quantum Security Gateways,CWE-200,Known,1
CVE-2024-26169,2024-03-12,2024-06-13,93,7.8,HIGH,secure@microsoft.com,0,Microsoft,Windows,CWE-269,Known,1
CVE-2024-27198,2024-03-04,2024-03-07,3,9.8,CRITICAL,nvd@nist.gov,1,JetBrains,TeamCity,CWE-288,Known,1
CVE-2024-27199,2024-03-04,2026-04-20,777,7.3,HIGH,nvd@nist.gov,1,JetBrains,TeamCity,CWE-23,Known,1
CVE-2024-27348,2024-04-22,2024-09-18,149,9.8,CRITICAL,nvd@nist.gov,1,Apache,HugeGraph-Server,CWE-284,Unknown,1
CVE-2024-27443,2024-08-12,2025-05-19,280,6.1,MEDIUM,nvd@nist.gov,1,Synacor,Zimbra Collaboration Suite (ZCS),CWE-79,Unknown,1
CVE-2024-28986,2024-08-13,2024-08-15,2,9.8,CRITICAL,psirt@solarwinds.com,0,SolarWinds,Web Help Desk,CWE-502,Unknown,1
CVE-2024-28987,2024-08-21,2024-10-15,55,9.1,CRITICAL,nvd@nist.gov,1,SolarWinds,Web Help Desk,CWE-798,Unknown,1
CVE-2024-28995,2024-06-06,2024-07-17,41,7.5,HIGH,nvd@nist.gov,1,SolarWinds,Serv-U,CWE-22,Unknown,1
CVE-2024-29059,2024-03-23,2025-02-04,318,7.5,HIGH,secure@microsoft.com,0,Microsoft,.NET Framework,CWE-209,Unknown,1
CVE-2024-29745,2024-04-05,2024-04-04,-1,5.5,MEDIUM,nvd@nist.gov,1,Android,Pixel,CWE-908,Unknown,1
CVE-2024-29748,2024-04-05,2024-04-04,-1,7.8,HIGH,nvd@nist.gov,1,Android,Pixel,CWE-280,Unknown,1
CVE-2024-29824,2024-05-31,2024-10-02,124,8.8,HIGH,nvd@nist.gov,1,Ivanti,Endpoint Manager (EPM),CWE-89,Unknown,1
CVE-2024-29988,2024-04-09,2024-04-30,21,8.8,HIGH,secure@microsoft.com,0,Microsoft,SmartScreen Prompt,CWE-693,Unknown,1
CVE-2024-30040,2024-05-14,2024-05-14,0,8.8,HIGH,secure@microsoft.com,0,Microsoft,Windows,CWE-20,Unknown,1
CVE-2024-30051,2024-05-14,2024-05-14,0,7.8,HIGH,secure@microsoft.com,0,Microsoft,DWM Core Library,CWE-122,Known,1
CVE-2024-30088,2024-06-11,2024-10-15,126,7.0,HIGH,secure@microsoft.com,0,Microsoft,Windows ,CWE-367,Known,1
CVE-2024-32113,2024-05-08,2024-08-07,91,9.8,CRITICAL,nvd@nist.gov,1,Apache,OFBiz,CWE-22,Unknown,1
CVE-2024-3272,2024-04-04,2024-04-11,7,9.8,CRITICAL,nvd@nist.gov,1,D-Link,Multiple NAS Devices,CWE-798,Unknown,1
CVE-2024-3273,2024-04-04,2024-04-11,7,9.8,CRITICAL,nvd@nist.gov,1,D-Link,Multiple NAS Devices,CWE-77,Unknown,1
CVE-2024-32896,2024-06-13,2024-06-13,0,7.8,HIGH,nvd@nist.gov,1,Android,Pixel,CWE-783,Unknown,1
CVE-2024-3393,2024-12-27,2024-12-30,3,7.5,HIGH,nvd@nist.gov,1,Palo Alto Networks,PAN-OS,CWE-754,Unknown,1
CVE-2024-3400,2024-04-12,2024-04-12,0,10.0,CRITICAL,nvd@nist.gov,1,Palo Alto Networks,PAN-OS,CWE-20,Known,1
CVE-2024-34102,2024-06-13,2024-07-17,34,9.8,CRITICAL,psirt@adobe.com,0,Adobe,Commerce and Magento Open Source,CWE-611,Unknown,1
CVE-2024-35250,2024-06-11,2024-12-16,188,7.8,HIGH,secure@microsoft.com,0,Microsoft,Windows,CWE-822,Unknown,1
CVE-2024-36401,2024-07-01,2024-07-15,14,9.8,CRITICAL,nvd@nist.gov,1,OSGeo,GeoServer,CWE-95,Unknown,1
CVE-2024-36971,2024-06-10,2024-08-07,58,7.8,HIGH,nvd@nist.gov,1,Android,Kernel,CWE-416,Unknown,1
CVE-2024-37079,2024-06-18,2026-01-23,584,9.8,CRITICAL,nvd@nist.gov,1,Broadcom,VMware vCenter Server,CWE-787,Unknown,1
CVE-2024-37085,2024-06-25,2024-07-30,35,7.2,HIGH,nvd@nist.gov,1,VMware,ESXi,CWE-305,Known,1
CVE-2024-37383,2024-06-07,2024-10-24,139,6.1,MEDIUM,nvd@nist.gov,1,Roundcube,Webmail,CWE-79,Unknown,1
CVE-2024-38014,2024-09-10,2024-09-10,0,7.8,HIGH,secure@microsoft.com,0,Microsoft,Windows,CWE-269,Unknown,1
CVE-2024-38080,2024-07-09,2024-07-09,0,7.8,HIGH,secure@microsoft.com,0,Microsoft,Windows ,CWE-190,Unknown,1
CVE-2024-38094,2024-07-09,2024-10-22,105,7.2,HIGH,secure@microsoft.com,0,Microsoft,SharePoint,CWE-502,Known,1
CVE-2024-38106,2024-08-13,2024-08-13,0,7.0,HIGH,secure@microsoft.com,0,Microsoft,Windows,CWE-591,Unknown,1
CVE-2024-38107,2024-08-13,2024-08-13,0,7.8,HIGH,secure@microsoft.com,0,Microsoft,Windows,CWE-416,Unknown,1
CVE-2024-38112,2024-07-09,2024-07-09,0,7.5,HIGH,secure@microsoft.com,0,Microsoft,Windows,CWE-451,Unknown,1
CVE-2024-38178,2024-08-13,2024-08-13,0,7.5,HIGH,secure@microsoft.com,0,Microsoft,Windows,CWE-843,Unknown,1
CVE-2024-38189,2024-08-13,2024-08-13,0,8.8,HIGH,secure@microsoft.com,0,Microsoft,Project,CWE-20,Unknown,1
CVE-2024-38193,2024-08-13,2024-08-13,0,7.8,HIGH,secure@microsoft.com,0,Microsoft,Windows,CWE-416,Unknown,1
CVE-2024-38213,2024-08-13,2024-08-13,0,6.5,MEDIUM,secure@microsoft.com,0,Microsoft,Windows,CWE-693,Unknown,1
CVE-2024-38217,2024-09-10,2024-09-10,0,5.4,MEDIUM,secure@microsoft.com,0,Microsoft,Windows,CWE-693,Unknown,1
CVE-2024-38226,2024-09-10,2024-09-10,0,7.3,HIGH,secure@microsoft.com,0,Microsoft,Publisher,CWE-693,Unknown,1
CVE-2024-38475,2024-07-01,2025-05-01,304,9.1,CRITICAL,nvd@nist.gov,1,Apache,HTTP Server,CWE-116,Unknown,1
CVE-2024-38812,2024-09-17,2024-11-20,64,9.8,CRITICAL,nvd@nist.gov,1,VMware,vCenter Server,CWE-122,Unknown,1
CVE-2024-38813,2024-09-17,2024-11-20,64,9.8,CRITICAL,nvd@nist.gov,1,VMware,vCenter Server,CWE-250,Unknown,1
CVE-2024-38856,2024-08-05,2024-08-27,22,9.8,CRITICAL,nvd@nist.gov,1,Apache,OFBiz,CWE-863,Unknown,1
CVE-2024-39717,2024-08-22,2024-08-23,1,7.2,HIGH,nvd@nist.gov,1,Versa,Director,CWE-434,Unknown,1
CVE-2024-39891,2024-07-02,2024-07-23,21,5.3,MEDIUM,nvd@nist.gov,1,Twilio,Authy,CWE-203,Unknown,1
CVE-2024-4040,2024-04-22,2024-04-24,2,10.0,CRITICAL,nvd@nist.gov,1,CrushFTP,CrushFTP,CWE-1336,Unknown,1
CVE-2024-40711,2024-09-07,2024-10-17,40,9.8,CRITICAL,nvd@nist.gov,1,Veeam,Backup & Replication,CWE-502,Known,1
CVE-2024-40766,2024-08-23,2024-09-09,17,9.8,CRITICAL,nvd@nist.gov,1,SonicWall,SonicOS,CWE-284,Known,1
CVE-2024-40890,2025-02-04,2025-02-11,7,8.8,HIGH,security@zyxel.com.tw,0,Zyxel,DSL CPE Devices,CWE-78,Unknown,1
CVE-2024-40891,2025-02-04,2025-02-11,7,8.8,HIGH,security@zyxel.com.tw,0,Zyxel,DSL CPE Devices,CWE-78,Unknown,1
CVE-2024-41710,2024-08-12,2025-02-12,184,7.2,HIGH,nvd@nist.gov,1,Mitel,SIP Phones,CWE-88,Unknown,1
CVE-2024-41713,2024-10-21,2025-01-07,78,9.1,CRITICAL,nvd@nist.gov,1,Mitel,MiCollab,CWE-22,Known,1
CVE-2024-42009,2024-08-05,2025-06-09,308,9.3,CRITICAL,nvd@nist.gov,1,Roundcube,Webmail,CWE-79,Unknown,1
CVE-2024-43047,2024-10-07,2024-10-08,1,7.8,HIGH,product-security@qualcomm.com,0,Qualcomm,Multiple Chipsets ,CWE-416,Unknown,1
CVE-2024-43093,2024-11-13,2024-11-07,-6,7.3,HIGH,nvd@nist.gov,1,Android,Framework,,Unknown,1
CVE-2024-43451,2024-11-12,2024-11-12,0,6.5,MEDIUM,secure@microsoft.com,0,Microsoft,Windows,CWE-73,Unknown,1
CVE-2024-43461,2024-09-10,2024-09-16,6,8.8,HIGH,secure@microsoft.com,0,Microsoft,Windows,CWE-451,Unknown,1
CVE-2024-43468,2024-10-08,2026-02-12,492,9.8,CRITICAL,secure@microsoft.com,0,Microsoft,Configuration Manager,CWE-89,Unknown,1
CVE-2024-43572,2024-10-08,2024-10-08,0,7.8,HIGH,secure@microsoft.com,0,Microsoft,Windows,CWE-707,Unknown,1
CVE-2024-43573,2024-10-08,2024-10-08,0,8.1,HIGH,nvd@nist.gov,1,Microsoft,Windows,CWE-79,Unknown,1
CVE-2024-4358,2024-05-29,2024-06-13,15,9.8,CRITICAL,nvd@nist.gov,1,Progress,Telerik Report Server,CWE-290,Unknown,1
CVE-2024-44308,2024-11-20,2024-11-21,1,8.8,HIGH,nvd@nist.gov,1,Apple,Multiple Products,,Unknown,1
CVE-2024-44309,2024-11-20,2024-11-21,1,6.3,MEDIUM,nvd@nist.gov,1,Apple,Multiple Products,CWE-79,Unknown,1
CVE-2024-45195,2024-09-04,2025-02-04,153,7.5,HIGH,nvd@nist.gov,1,Apache,OFBiz,CWE-425,Unknown,1
CVE-2024-45519,2024-10-02,2024-10-03,1,9.8,CRITICAL,nvd@nist.gov,1,Synacor,Zimbra Collaboration Suite (ZCS),CWE-284,Unknown,1
CVE-2024-4577,2024-06-09,2024-06-12,3,9.8,CRITICAL,nvd@nist.gov,1,PHP Group,PHP,CWE-78,Known,1
CVE-2024-4610,2024-06-07,2024-06-12,5,7.8,HIGH,nvd@nist.gov,1,Arm,Mali GPU Kernel Driver,CWE-416,Unknown,1
CVE-2024-4671,2024-05-14,2024-05-13,-1,9.6,CRITICAL,nvd@nist.gov,1,Google,Chromium,CWE-416,Unknown,1
CVE-2024-47575,2024-10-23,2024-10-23,0,9.8,CRITICAL,nvd@nist.gov,1,Fortinet,FortiManager,CWE-306,Unknown,1
CVE-2024-4761,2024-05-14,2024-05-16,2,8.8,HIGH,nvd@nist.gov,1,Google,Chromium V8,CWE-787,Unknown,1
CVE-2024-48248,2025-03-04,2025-03-19,15,8.6,HIGH,nvd@nist.gov,1,NAKIVO,Backup and Replication,CWE-36,Unknown,1
CVE-2024-4879,2024-07-10,2024-07-29,19,9.8,CRITICAL,nvd@nist.gov,1,ServiceNow,"Utah, Vancouver, and Washington DC Now Platform",CWE-1287,Unknown,1
CVE-2024-4885,2024-06-25,2025-03-03,251,9.8,CRITICAL,nvd@nist.gov,1,Progress,WhatsUp Gold,CWE-22,Unknown,1
CVE-2024-49035,2024-11-26,2025-02-25,91,9.8,CRITICAL,nvd@nist.gov,1,Microsoft,Partner Center,CWE-269,Unknown,1
CVE-2024-49039,2024-11-12,2024-11-12,0,8.8,HIGH,secure@microsoft.com,0,Microsoft,Windows,CWE-287,Known,1
CVE-2024-49138,2024-12-12,2024-12-10,-2,7.8,HIGH,secure@microsoft.com,0,Microsoft,Windows,CWE-122,Unknown,1
CVE-2024-4947,2024-05-15,2024-05-20,5,9.6,CRITICAL,nvd@nist.gov,1,Google,Chromium V8,CWE-843,Unknown,1
CVE-2024-4978,2024-05-23,2024-05-29,6,8.4,HIGH,nvd@nist.gov,1,Justice AV Solutions,Viewer ,CWE-506,Unknown,1
CVE-2024-50302,2024-11-19,2025-03-04,105,5.5,MEDIUM,nvd@nist.gov,1,Linux,Kernel,CWE-908,Unknown,1
CVE-2024-50603,2025-01-08,2025-01-16,8,9.8,CRITICAL,nvd@nist.gov,1,Aviatrix,Controllers,CWE-78,Unknown,1
CVE-2024-50623,2024-10-28,2024-12-13,46,9.8,CRITICAL,nvd@nist.gov,1,Cleo,Multiple Products,CWE-434,Known,1
CVE-2024-51378,2024-10-29,2024-12-04,36,9.8,CRITICAL,nvd@nist.gov,1,CyberPersons,CyberPanel,CWE-276,Known,1
CVE-2024-51567,2024-10-29,2024-11-07,9,9.8,CRITICAL,nvd@nist.gov,1,CyberPersons,CyberPanel,CWE-276,Known,1
CVE-2024-5217,2024-07-10,2024-07-29,19,9.8,CRITICAL,nvd@nist.gov,1,ServiceNow,"Utah, Vancouver, and Washington DC Now Platform",CWE-184,Unknown,1
CVE-2024-5274,2024-05-28,2024-05-28,0,9.6,CRITICAL,nvd@nist.gov,1,Google,Chromium V8,CWE-843,Unknown,1
CVE-2024-53104,2024-12-02,2025-02-05,65,7.8,HIGH,nvd@nist.gov,1,Linux,Kernel,CWE-787,Unknown,1
CVE-2024-53150,2024-12-24,2025-04-09,106,7.1,HIGH,nvd@nist.gov,1,Linux,Kernel,CWE-125,Unknown,1
CVE-2024-53197,2024-12-27,2025-04-09,103,7.8,HIGH,134c704f-9b21-4f2e-91b3-4a467353bcc0,0,Linux,Kernel,CWE-787,Unknown,1
CVE-2024-53704,2025-01-09,2025-02-18,40,9.8,CRITICAL,nvd@nist.gov,1,SonicWall,SonicOS,CWE-287,Known,1
CVE-2024-54085,2025-03-11,2025-06-25,106,9.8,CRITICAL,nvd@nist.gov,1,AMI,MegaRAC SPx,CWE-290,Unknown,1
CVE-2024-55550,2024-12-10,2025-01-07,28,2.7,LOW,nvd@nist.gov,1,Mitel,MiCollab,CWE-22,Known,1
CVE-2024-55591,2025-01-14,2025-01-14,0,9.8,CRITICAL,nvd@nist.gov,1,Fortinet,FortiOS and FortiProxy,CWE-288,Known,1
CVE-2024-55956,2024-12-13,2024-12-17,4,9.8,CRITICAL,nvd@nist.gov,1,Cleo,Multiple Products,CWE-276,Known,1
CVE-2024-56145,2024-12-18,2025-06-02,166,9.8,CRITICAL,nvd@nist.gov,1,Craft CMS,Craft CMS,CWE-94,Unknown,1
CVE-2024-57726,2025-01-15,2026-04-24,464,9.9,CRITICAL,nvd@nist.gov,1,SimpleHelp ,SimpleHelp,CWE-862,Known,1
CVE-2024-57727,2025-01-15,2025-02-13,29,7.5,HIGH,nvd@nist.gov,1,SimpleHelp ,SimpleHelp,CWE-22,Known,1
CVE-2024-57728,2025-01-15,2026-04-24,464,7.2,HIGH,nvd@nist.gov,1,SimpleHelp ,SimpleHelp,CWE-22,Known,1
CVE-2024-57968,2025-02-03,2025-03-10,35,8.8,HIGH,nvd@nist.gov,1,Advantive,VeraCore,CWE-434,Unknown,1
CVE-2024-58136,2025-04-10,2025-05-02,22,9.8,CRITICAL,nvd@nist.gov,1,Yiiframework,Yii,CWE-424,Unknown,1
CVE-2024-5910,2024-07-10,2024-11-07,120,9.8,CRITICAL,nvd@nist.gov,1,Palo Alto Networks,Expedition,CWE-306,Unknown,1
CVE-2024-6047,2024-06-17,2025-05-07,324,9.8,CRITICAL,twcert@cert.org.tw,0,GeoVision,Multiple Devices,CWE-78,Unknown,1
CVE-2024-6670,2024-08-29,2024-09-16,18,9.8,CRITICAL,nvd@nist.gov,1,Progress,WhatsUp Gold,CWE-89,Known,1
CVE-2024-7262,2024-08-15,2024-09-03,19,7.8,HIGH,nvd@nist.gov,1,Kingsoft,WPS Office,CWE-22,Unknown,1
CVE-2024-7399,2024-08-12,2026-04-24,620,9.8,CRITICAL,nvd@nist.gov,1,Samsung,MagicINFO 9 Server,CWE-22,Unknown,1
CVE-2024-7593,2024-08-13,2024-09-24,42,9.8,CRITICAL,nvd@nist.gov,1,Ivanti,Virtual Traffic Manager,CWE-287,Unknown,1
CVE-2024-7694,2024-08-12,2026-02-17,554,7.2,HIGH,twcert@cert.org.tw,0,TeamT5,ThreatSonar Anti-Ransomware,CWE-434,Unknown,1
CVE-2024-7965,2024-08-21,2024-08-28,7,8.8,HIGH,nvd@nist.gov,1,Google,Chromium V8,CWE-358,Unknown,1
CVE-2024-7971,2024-08-21,2024-08-26,5,9.6,CRITICAL,nvd@nist.gov,1,Google,Chromium V8,CWE-843,Unknown,1
CVE-2024-8068,2024-11-12,2025-08-25,286,8.0,HIGH,nvd@nist.gov,1,Citrix,Session Recording,CWE-269,Unknown,1
CVE-2024-8069,2024-11-12,2025-08-25,286,8.0,HIGH,nvd@nist.gov,1,Citrix,Session Recording,CWE-502,Unknown,1
CVE-2024-8190,2024-09-10,2024-09-13,3,7.2,HIGH,nvd@nist.gov,1,Ivanti,Cloud Services Appliance,CWE-78,Unknown,1
CVE-2024-8956,2024-09-17,2024-11-04,48,9.1,CRITICAL,nvd@nist.gov,1,PTZOptics,PT30X-SDI/NDI Cameras,CWE-287,Unknown,1
CVE-2024-8957,2024-09-17,2024-11-04,48,7.2,HIGH,nvd@nist.gov,1,PTZOptics,PT30X-SDI/NDI Cameras,CWE-78,Unknown,1
CVE-2024-8963,2024-09-19,2024-09-19,0,9.1,CRITICAL,nvd@nist.gov,1,Ivanti,Cloud Services Appliance (CSA),CWE-22,Unknown,1
CVE-2024-9379,2024-10-08,2024-10-09,1,7.2,HIGH,nvd@nist.gov,1,Ivanti,Cloud Services Appliance (CSA),CWE-89,Unknown,1
CVE-2024-9380,2024-10-08,2024-10-09,1,7.2,HIGH,nvd@nist.gov,1,Ivanti,Cloud Services Appliance (CSA),CWE-77,Unknown,1
CVE-2024-9463,2024-10-09,2024-11-14,36,7.5,HIGH,nvd@nist.gov,1,Palo Alto Networks,Expedition,CWE-78,Unknown,1
CVE-2024-9465,2024-10-09,2024-11-14,36,9.1,CRITICAL,nvd@nist.gov,1,Palo Alto Networks,Expedition,CWE-89,Unknown,1
CVE-2024-9474,2024-11-18,2024-11-18,0,7.2,HIGH,nvd@nist.gov,1,Palo Alto Networks,PAN-OS,CWE-77,Known,1
CVE-2024-9537,2024-10-18,2024-10-21,3,9.8,CRITICAL,nvd@nist.gov,1,ScienceLogic,SL1,,Unknown,1
CVE-2024-9680,2024-10-09,2024-10-15,6,9.8,CRITICAL,nvd@nist.gov,1,Mozilla,Firefox,CWE-416,Known,1
CVE-2025-0108,2025-02-12,2025-02-18,6,9.1,CRITICAL,nvd@nist.gov,1,Palo Alto Networks,PAN-OS,CWE-306,Unknown,1
CVE-2025-0111,2025-02-12,2025-02-20,8,6.5,MEDIUM,nvd@nist.gov,1,Palo Alto Networks,PAN-OS,CWE-73,Unknown,1
CVE-2025-0282,2025-01-08,2025-01-08,0,9.0,CRITICAL,nvd@nist.gov,1,Ivanti,"Connect Secure, Policy Secure, and ZTA Gateways",CWE-121,Known,1
CVE-2025-0411,2025-01-25,2025-02-06,12,7.0,HIGH,nvd@nist.gov,1,7-Zip,7-Zip,CWE-693,Unknown,1
CVE-2025-0994,2025-02-06,2025-02-07,1,8.8,HIGH,nvd@nist.gov,1,Trimble,Cityworks,CWE-502,Unknown,1
CVE-2025-10035,2025-09-18,2025-09-29,11,9.8,CRITICAL,nvd@nist.gov,1,Fortra,GoAnywhere MFT,CWE-502,Known,1
CVE-2025-10585,2025-09-24,2025-09-23,-1,9.8,CRITICAL,nvd@nist.gov,1,Google,Chromium V8,CWE-843,Unknown,1
CVE-2025-11371,2025-10-09,2025-11-04,26,7.5,HIGH,134c704f-9b21-4f2e-91b3-4a467353bcc0,0,Gladinet,CentreStack and Triofox,CWE-552,Unknown,1
CVE-2025-11953,2025-11-03,2026-02-05,94,9.8,CRITICAL,reefs@jfrog.com,0,React Native Community,CLI,CWE-78,Unknown,1
CVE-2025-12480,2025-11-10,2025-11-12,2,9.1,CRITICAL,mandiant-cve@google.com,0,Gladinet,Triofox,CWE-284,Unknown,1
CVE-2025-1316,2025-03-05,2025-03-19,14,9.8,CRITICAL,nvd@nist.gov,1,Edimax,IC-7100 IP Camera,CWE-78,Unknown,1
CVE-2025-13223,2025-11-17,2025-11-19,2,8.8,HIGH,134c704f-9b21-4f2e-91b3-4a467353bcc0,0,Google,Chromium V8,CWE-843,Unknown,1
CVE-2025-14174,2025-12-12,2025-12-12,0,8.8,HIGH,134c704f-9b21-4f2e-91b3-4a467353bcc0,0,Google,Chromium,,Unknown,1
CVE-2025-14611,2025-12-12,2025-12-15,3,9.8,CRITICAL,nvd@nist.gov,1,Gladinet,CentreStack and Triofox,CWE-798,Unknown,1
CVE-2025-14733,2025-12-19,2025-12-19,0,9.8,CRITICAL,nvd@nist.gov,1,WatchGuard,Firebox,CWE-787,Unknown,1
CVE-2025-14847,2025-12-19,2025-12-29,10,7.5,HIGH,cna@mongodb.com,0,MongoDB,MongoDB and MongoDB Server,CWE-130,Unknown,1
CVE-2025-15556,2026-02-03,2026-02-12,9,7.5,HIGH,nvd@nist.gov,1,Notepad++,Notepad++,CWE-494,Unknown,1
CVE-2025-1976,2025-04-24,2025-04-28,4,6.7,MEDIUM,nvd@nist.gov,1,Broadcom,Brocade Fabric OS,CWE-94,Unknown,1
CVE-2025-20281,2025-06-25,2025-07-28,33,10.0,CRITICAL,psirt@cisco.com,0,Cisco,Identity Services Engine,CWE-74,Unknown,1
CVE-2025-20333,2025-09-25,2025-09-25,0,9.9,CRITICAL,psirt@cisco.com,0,Cisco,Secure Firewall Adaptive Security Appliance and Secure Firewall Threat Defense,CWE-120,Unknown,1
CVE-2025-20337,2025-07-16,2025-07-28,12,10.0,CRITICAL,psirt@cisco.com,0,Cisco,Identity Services Engine,CWE-74,Unknown,1
CVE-2025-20352,2025-09-24,2025-09-29,5,7.7,HIGH,psirt@cisco.com,0,Cisco,IOS and IOS XE,CWE-121,Unknown,1
CVE-2025-20362,2025-09-25,2025-09-25,0,8.6,HIGH,nvd@nist.gov,1,Cisco,Secure Firewall Adaptive Security Appliance and Secure Firewall Threat Defense,CWE-862,Unknown,1
CVE-2025-20393,2025-12-17,2025-12-17,0,10.0,CRITICAL,psirt@cisco.com,0,Cisco,Multiple Products,CWE-20,Unknown,1
CVE-2025-21042,2025-09-12,2025-11-10,59,9.8,CRITICAL,nvd@nist.gov,1,Samsung,Mobile Devices,CWE-787,Unknown,1
CVE-2025-21043,2025-09-12,2025-10-02,20,9.8,CRITICAL,nvd@nist.gov,1,Samsung,Mobile Devices,CWE-787,Unknown,1
CVE-2025-21333,2025-01-14,2025-01-14,0,7.8,HIGH,secure@microsoft.com,0,Microsoft,Windows,CWE-122,Unknown,1
CVE-2025-21334,2025-01-14,2025-01-14,0,7.8,HIGH,secure@microsoft.com,0,Microsoft,Windows,CWE-416,Unknown,1
CVE-2025-21335,2025-01-14,2025-01-14,0,7.8,HIGH,secure@microsoft.com,0,Microsoft,Windows,CWE-416,Unknown,1
CVE-2025-21391,2025-02-11,2025-02-11,0,7.1,HIGH,secure@microsoft.com,0,Microsoft,Windows,CWE-59,Unknown,1
CVE-2025-21418,2025-02-11,2025-02-11,0,7.8,HIGH,secure@microsoft.com,0,Microsoft,Windows,CWE-122,Unknown,1
CVE-2025-21479,2025-06-03,2025-06-03,0,8.6,HIGH,product-security@qualcomm.com,0,Qualcomm,Multiple Chipsets,CWE-863,Unknown,1
CVE-2025-21480,2025-06-03,2025-06-03,0,8.6,HIGH,product-security@qualcomm.com,0,Qualcomm,Multiple Chipsets,CWE-863,Unknown,1
CVE-2025-21590,2025-03-12,2025-03-13,1,4.4,MEDIUM,sirt@juniper.net,0,Juniper,Junos OS,CWE-653,Unknown,1
CVE-2025-22224,2025-03-04,2025-03-04,0,8.2,HIGH,nvd@nist.gov,1,VMware,ESXi and Workstation,CWE-367,Unknown,1
CVE-2025-22225,2025-03-04,2025-03-04,0,8.2,HIGH,nvd@nist.gov,1,VMware,ESXi,CWE-123,Known,1
CVE-2025-22226,2025-03-04,2025-03-04,0,6.0,MEDIUM,nvd@nist.gov,1,VMware,"ESXi, Workstation, and Fusion",CWE-125,Unknown,1
CVE-2025-22457,2025-04-03,2025-04-04,1,9.8,CRITICAL,nvd@nist.gov,1,Ivanti,"Connect Secure, Policy Secure, and ZTA Gateways",CWE-121,Known,1
CVE-2025-23006,2025-01-23,2025-01-24,1,9.8,CRITICAL,nvd@nist.gov,1,SonicWall,SMA1000 Appliances,CWE-502,Known,1
CVE-2025-23209,2025-01-18,2025-02-20,33,8.1,HIGH,nvd@nist.gov,1,Craft CMS,Craft CMS,CWE-94,Unknown,1
CVE-2025-24016,2025-02-10,2025-06-10,120,9.9,CRITICAL,security-advisories@github.com,0,Wazuh,Wazuh Server,CWE-502,Unknown,1
CVE-2025-24054,2025-03-11,2025-04-17,37,5.4,MEDIUM,nvd@nist.gov,1,Microsoft,Windows,CWE-73,Unknown,1
CVE-2025-24085,2025-01-27,2025-01-29,2,10.0,CRITICAL,nvd@nist.gov,1,Apple,Multiple Products,CWE-416,Unknown,1
CVE-2025-24200,2025-02-10,2025-02-12,2,6.1,MEDIUM,nvd@nist.gov,1,Apple,iOS and iPadOS,CWE-863,Unknown,1
CVE-2025-24201,2025-03-11,2025-03-13,2,10.0,CRITICAL,nvd@nist.gov,1,Apple,Multiple Products,CWE-787,Unknown,1
CVE-2025-24472,2025-02-11,2025-03-18,35,8.1,HIGH,psirt@fortinet.com,0,Fortinet,FortiOS and FortiProxy,CWE-288,Known,1
CVE-2025-24813,2025-03-10,2025-04-01,22,9.8,CRITICAL,nvd@nist.gov,1,Apache,Tomcat,CWE-44,Unknown,1
CVE-2025-24893,2025-02-20,2025-10-30,252,9.8,CRITICAL,nvd@nist.gov,1,XWiki,Platform,CWE-95,Unknown,1
CVE-2025-24983,2025-03-11,2025-03-11,0,7.0,HIGH,secure@microsoft.com,0,Microsoft,Windows,CWE-416,Unknown,1
CVE-2025-24984,2025-03-11,2025-03-11,0,4.6,MEDIUM,secure@microsoft.com,0,Microsoft,Windows,CWE-532,Unknown,1
CVE-2025-24985,2025-03-11,2025-03-11,0,7.8,HIGH,secure@microsoft.com,0,Microsoft,Windows,CWE-190,Unknown,1
CVE-2025-24989,2025-02-19,2025-02-21,2,9.8,CRITICAL,nvd@nist.gov,1,Microsoft,Power Pages,CWE-284,Unknown,1
CVE-2025-24990,2025-10-14,2025-10-14,0,7.8,HIGH,secure@microsoft.com,0,Microsoft,Windows,CWE-822,Unknown,1
CVE-2025-24991,2025-03-11,2025-03-11,0,5.5,MEDIUM,secure@microsoft.com,0,Microsoft,Windows,CWE-125,Unknown,1
CVE-2025-24993,2025-03-11,2025-03-11,0,7.8,HIGH,secure@microsoft.com,0,Microsoft,Windows,CWE-122,Unknown,1
CVE-2025-25181,2025-02-03,2025-03-10,35,7.5,HIGH,nvd@nist.gov,1,Advantive,VeraCore,CWE-89,Unknown,1
CVE-2025-25257,2025-07-17,2025-07-18,1,9.8,CRITICAL,nvd@nist.gov,1,Fortinet,FortiWeb,CWE-89,Unknown,1
CVE-2025-26399,2025-09-23,2026-03-09,167,9.8,CRITICAL,nvd@nist.gov,1,SolarWinds,Web Help Desk,CWE-502,Known,1
CVE-2025-26633,2025-03-11,2025-03-11,0,7.0,HIGH,secure@microsoft.com,0,Microsoft,Windows,CWE-707,Known,1
CVE-2025-27038,2025-06-03,2025-06-03,0,7.5,HIGH,product-security@qualcomm.com,0,Qualcomm,Multiple Chipsets,CWE-416,Unknown,1
CVE-2025-27363,2025-03-11,2025-05-06,56,8.1,HIGH,nvd@nist.gov,1,FreeType,FreeType,CWE-787,Unknown,1
CVE-2025-2746,2025-03-24,2025-10-20,210,9.8,CRITICAL,disclosure@vulncheck.com,0,Kentico,Xperience CMS,CWE-288,Unknown,1
CVE-2025-2747,2025-03-24,2025-10-20,210,9.8,CRITICAL,disclosure@vulncheck.com,0,Kentico,Xperience CMS,CWE-288,Unknown,1
CVE-2025-2749,2025-03-24,2026-04-20,392,7.2,HIGH,disclosure@vulncheck.com,0,Kentico,Kentico Xperience,CWE-22,Unknown,1
CVE-2025-2775,2025-05-07,2025-07-22,76,7.5,HIGH,nvd@nist.gov,1,SysAid,SysAid On-Prem,CWE-611,Unknown,1
CVE-2025-2776,2025-05-07,2025-07-22,76,9.8,CRITICAL,nvd@nist.gov,1,SysAid,SysAid On-Prem,CWE-611,Unknown,1
CVE-2025-2783,2025-03-26,2025-03-27,1,8.3,HIGH,134c704f-9b21-4f2e-91b3-4a467353bcc0,0,Google,Chromium Mojo,,Unknown,1
CVE-2025-27915,2025-03-12,2025-10-07,209,5.4,MEDIUM,134c704f-9b21-4f2e-91b3-4a467353bcc0,0,Synacor,Zimbra Collaboration Suite (ZCS),CWE-79,Unknown,1
CVE-2025-27920,2025-05-05,2025-05-19,14,8.8,HIGH,nvd@nist.gov,1,Srimax,Output Messenger,CWE-22,Unknown,1
CVE-2025-29635,2025-03-25,2026-04-24,395,7.2,HIGH,134c704f-9b21-4f2e-91b3-4a467353bcc0,0,D-Link,DIR-823X,CWE-77,Unknown,1
CVE-2025-29824,2025-04-08,2025-04-08,0,7.8,HIGH,secure@microsoft.com,0,Microsoft,Windows,CWE-416,Known,1
CVE-2025-30066,2025-03-15,2025-03-18,3,8.6,HIGH,nvd@nist.gov,1,tj-actions,changed-files GitHub Action,CWE-506,Unknown,1
CVE-2025-30154,2025-03-19,2025-03-24,5,8.6,HIGH,nvd@nist.gov,1,reviewdog,action-setup GitHub Action,CWE-506,Unknown,1
CVE-2025-30397,2025-05-13,2025-05-13,0,7.5,HIGH,secure@microsoft.com,0,Microsoft,Windows,CWE-843,Unknown,1
CVE-2025-30400,2025-05-13,2025-05-13,0,7.8,HIGH,secure@microsoft.com,0,Microsoft,Windows,CWE-416,Unknown,1
CVE-2025-30406,2025-04-03,2025-04-08,5,9.8,CRITICAL,nvd@nist.gov,1,Gladinet,CentreStack,CWE-321,Unknown,1
CVE-2025-31125,2025-03-31,2026-01-22,297,7.5,HIGH,nvd@nist.gov,1,Vite,Vitejs,CWE-200,Unknown,1
CVE-2025-31161,2025-04-03,2025-04-07,4,9.8,CRITICAL,nvd@nist.gov,1,CrushFTP,CrushFTP,CWE-305,Known,1
CVE-2025-31200,2025-04-16,2025-04-17,1,9.8,CRITICAL,134c704f-9b21-4f2e-91b3-4a467353bcc0,0,Apple,Multiple Products,,Unknown,1
CVE-2025-31201,2025-04-16,2025-04-17,1,9.8,CRITICAL,134c704f-9b21-4f2e-91b3-4a467353bcc0,0,Apple,Multiple Products,,Unknown,1
CVE-2025-31277,2025-07-30,2026-03-20,233,8.8,HIGH,134c704f-9b21-4f2e-91b3-4a467353bcc0,0,Apple,Multiple Products,CWE-119,Unknown,1
CVE-2025-31324,2025-04-24,2025-04-29,5,9.8,CRITICAL,nvd@nist.gov,1,SAP,NetWeaver,CWE-434,Known,1
CVE-2025-32432,2025-04-25,2026-03-20,329,10.0,CRITICAL,nvd@nist.gov,1,Craft CMS,Craft CMS,CWE-94,Unknown,1
CVE-2025-32433,2025-04-16,2025-06-09,54,10.0,CRITICAL,security-advisories@github.com,0,Erlang,Erlang/OTP,CWE-306,Unknown,1
CVE-2025-32463,2025-06-30,2025-09-29,91,7.8,HIGH,nvd@nist.gov,1,Sudo,Sudo,CWE-829,Unknown,1
CVE-2025-3248,2025-04-07,2025-05-05,28,9.8,CRITICAL,nvd@nist.gov,1,Langflow,Langflow,CWE-306,Known,1
CVE-2025-32701,2025-05-13,2025-05-13,0,7.8,HIGH,secure@microsoft.com,0,Microsoft,Windows,CWE-416,Unknown,1
CVE-2025-32706,2025-05-13,2025-05-13,0,7.8,HIGH,secure@microsoft.com,0,Microsoft,Windows,CWE-122,Unknown,1
CVE-2025-32709,2025-05-13,2025-05-13,0,7.8,HIGH,secure@microsoft.com,0,Microsoft,Windows,CWE-416,Unknown,1
CVE-2025-32756,2025-05-13,2025-05-14,1,9.8,CRITICAL,nvd@nist.gov,1,Fortinet,Multiple Products,CWE-124,Unknown,1
CVE-2025-32975,2025-06-24,2026-04-20,300,10.0,CRITICAL,134c704f-9b21-4f2e-91b3-4a467353bcc0,0,Quest,KACE Systems Management Appliance (SMA),CWE-287,Unknown,1
CVE-2025-33053,2025-06-10,2025-06-10,0,8.8,HIGH,secure@microsoft.com,0,Microsoft,Windows,CWE-73,Unknown,1
CVE-2025-33073,2025-06-10,2025-10-20,132,8.8,HIGH,secure@microsoft.com,0,Microsoft,Windows,CWE-284,Unknown,1
CVE-2025-34026,2025-05-21,2026-01-22,246,7.5,HIGH,nvd@nist.gov,1,Versa,Concerto,CWE-288,Unknown,1
CVE-2025-34028,2025-04-22,2025-05-02,10,10.0,CRITICAL,nvd@nist.gov,1,Commvault,Command Center,CWE-22,Unknown,1
CVE-2025-34291,2025-12-05,2026-05-21,167,8.8,HIGH,nvd@nist.gov,1,Langflow,Langflow,CWE-346,Unknown,1
CVE-2025-35939,2025-05-07,2025-06-02,26,5.3,MEDIUM,nvd@nist.gov,1,Craft CMS,Craft CMS,CWE-472,Unknown,1
CVE-2025-37164,2025-12-16,2026-01-07,22,9.8,CRITICAL,nvd@nist.gov,1,Hewlett Packard Enterprise (HPE),OneView,CWE-94,Unknown,1
CVE-2025-38352,2025-07-22,2025-09-04,44,7.8,HIGH,416baaa9-dc9f-4396-8d5f-8c081fb06d67,0,Linux,Kernel,CWE-367,Unknown,1
CVE-2025-3928,2025-04-25,2025-04-28,3,8.8,HIGH,nvd@nist.gov,1,Commvault,Web Server,,Unknown,1
CVE-2025-3935,2025-04-25,2025-06-02,38,7.2,HIGH,nvd@nist.gov,1,ConnectWise,ScreenConnect,CWE-287,Unknown,1
CVE-2025-4008,2025-05-21,2025-10-02,134,8.8,HIGH,nvd@nist.gov,1,Smartbedded,Meteobridge,CWE-306,Unknown,1
CVE-2025-40536,2026-01-28,2026-02-12,15,9.8,CRITICAL,nvd@nist.gov,1,SolarWinds,Web Help Desk,CWE-693,Unknown,1
CVE-2025-40551,2026-01-28,2026-02-03,6,9.8,CRITICAL,psirt@solarwinds.com,0,SolarWinds,Web Help Desk,CWE-502,Unknown,1
CVE-2025-40602,2025-12-18,2025-12-17,-1,6.6,MEDIUM,134c704f-9b21-4f2e-91b3-4a467353bcc0,0,SonicWall,SMA1000 appliance,CWE-862,Unknown,1
CVE-2025-41244,2025-09-29,2025-10-30,31,7.8,HIGH,security@vmware.com,0,Broadcom,VMware Aria Operations and VMware Tools,CWE-267,Unknown,1
CVE-2025-42599,2025-04-18,2025-04-28,10,9.8,CRITICAL,nvd@nist.gov,1,Qualitia,Active! Mail,CWE-121,Unknown,1
CVE-2025-42999,2025-05-13,2025-05-15,2,9.1,CRITICAL,cna@sap.com,0,SAP,NetWeaver,CWE-502,Known,1
CVE-2025-43200,2025-06-16,2025-06-16,0,4.2,MEDIUM,134c704f-9b21-4f2e-91b3-4a467353bcc0,0,Apple,Multiple Products,,Unknown,1
CVE-2025-43300,2025-08-21,2025-08-21,0,10.0,CRITICAL,134c704f-9b21-4f2e-91b3-4a467353bcc0,0,Apple,"iOS, iPadOS, and macOS",CWE-787,Unknown,1
CVE-2025-43510,2025-12-12,2026-03-20,98,7.8,HIGH,nvd@nist.gov,1,Apple,Multiple Products,CWE-667,Unknown,1
CVE-2025-43520,2025-12-12,2026-03-20,98,5.5,MEDIUM,nvd@nist.gov,1,Apple,Multiple Products,CWE-120,Unknown,1
CVE-2025-43529,2025-12-17,2025-12-15,-2,8.8,HIGH,134c704f-9b21-4f2e-91b3-4a467353bcc0,0,Apple,Multiple Products,CWE-416,Unknown,1
CVE-2025-4427,2025-05-13,2025-05-19,6,7.5,HIGH,nvd@nist.gov,1,Ivanti,Endpoint Manager Mobile (EPMM),CWE-288,Unknown,1
CVE-2025-4428,2025-05-13,2025-05-19,6,8.8,HIGH,nvd@nist.gov,1,Ivanti,Endpoint Manager Mobile (EPMM),CWE-94,Unknown,1
CVE-2025-4632,2025-05-13,2025-05-22,9,9.8,CRITICAL,nvd@nist.gov,1,Samsung,MagicINFO 9 Server,CWE-22,Unknown,1
CVE-2025-47729,2025-05-08,2025-05-12,4,4.9,MEDIUM,nvd@nist.gov,1,TeleMessage,TM SGNL,CWE-912,Unknown,1
CVE-2025-47812,2025-07-10,2025-07-14,4,10.0,CRITICAL,cve@mitre.org,0,Wing FTP Server,Wing FTP Server,CWE-158,Unknown,1
CVE-2025-47813,2025-07-10,2026-03-16,249,4.3,MEDIUM,cve@mitre.org,0,Wing FTP Server,Wing FTP Server,CWE-209,Unknown,1
CVE-2025-47827,2025-06-05,2025-10-14,131,4.6,MEDIUM,134c704f-9b21-4f2e-91b3-4a467353bcc0,0,IGEL,IGEL OS,CWE-324,Unknown,1
CVE-2025-48384,2025-07-08,2025-08-25,48,8.0,HIGH,security-advisories@github.com,0,Git,Git,CWE-59,Unknown,1
CVE-2025-48543,2025-09-04,2025-09-04,0,8.8,HIGH,134c704f-9b21-4f2e-91b3-4a467353bcc0,0,Android,Runtime,,Unknown,1
CVE-2025-48572,2025-12-08,2025-12-02,-6,7.8,HIGH,134c704f-9b21-4f2e-91b3-4a467353bcc0,0,Android,Framework,,Unknown,1
CVE-2025-48595,2026-06-01,2026-06-02,1,8.4,HIGH,134c704f-9b21-4f2e-91b3-4a467353bcc0,0,Android,Framework,CWE-190,Unknown,1
CVE-2025-48633,2025-12-08,2025-12-02,-6,5.5,MEDIUM,nvd@nist.gov,1,Android,Framework,,Unknown,1
CVE-2025-48700,2025-06-23,2026-04-20,301,6.1,MEDIUM,134c704f-9b21-4f2e-91b3-4a467353bcc0,0,Synacor,Zimbra Collaboration Suite (ZCS),CWE-79,Unknown,1
CVE-2025-48703,2025-09-19,2025-11-04,46,9.0,CRITICAL,cve@mitre.org,0,CWP,Control Web Panel,CWE-78,Unknown,1
CVE-2025-48927,2025-05-28,2025-07-01,34,5.3,MEDIUM,cve@mitre.org,0,TeleMessage,TM SGNL,CWE-1188,Unknown,1
CVE-2025-48928,2025-05-28,2025-07-01,34,4.0,MEDIUM,cve@mitre.org,0,TeleMessage,TM SGNL,CWE-528,Unknown,1
CVE-2025-49113,2025-06-02,2026-02-20,263,8.8,HIGH,nvd@nist.gov,1,Roundcube,Webmail,CWE-502,Unknown,1
CVE-2025-49704,2025-07-08,2025-07-22,14,8.8,HIGH,secure@microsoft.com,0,Microsoft,SharePoint,CWE-94,Known,1
CVE-2025-49706,2025-07-08,2025-07-22,14,6.5,MEDIUM,secure@microsoft.com,0,Microsoft,SharePoint,CWE-287,Known,1
CVE-2025-5086,2025-06-02,2025-09-11,101,9.0,CRITICAL,3DS.Information-Security@3ds.com,0,Dassault Systèmes,DELMIA Apriso,CWE-502,Unknown,1
CVE-2025-52691,2025-12-29,2026-01-26,28,10.0,CRITICAL,5f57b9bf-260d-4433-bf07-b6a79e9bb7d4,0,SmarterTools,SmarterMail,CWE-434,Known,1
CVE-2025-53521,2025-10-15,2026-03-27,163,9.8,CRITICAL,f5sirt@f5.com,0,F5,BIG-IP,CWE-121,Unknown,1
CVE-2025-53690,2025-09-03,2025-09-04,1,9.0,CRITICAL,9947ef80-c5d5-474a-bbab-97341a59000e,0,Sitecore,Multiple Products,CWE-502,Unknown,1
CVE-2025-53770,2025-07-20,2025-07-20,0,9.8,CRITICAL,secure@microsoft.com,0,Microsoft,SharePoint,CWE-502,Known,1
CVE-2025-54068,2025-07-17,2026-03-20,246,9.8,CRITICAL,nvd@nist.gov,1,Laravel,Livewire,CWE-94,Unknown,1
CVE-2025-5419,2025-06-03,2025-06-05,2,8.8,HIGH,134c704f-9b21-4f2e-91b3-4a467353bcc0,0,Google,Chromium V8,CWE-125,Unknown,1
CVE-2025-54236,2025-09-09,2025-10-24,45,9.1,CRITICAL,psirt@adobe.com,0,Adobe,Commerce and Magento,CWE-20,Unknown,1
CVE-2025-54253,2025-08-05,2025-10-15,71,10.0,CRITICAL,psirt@adobe.com,0,Adobe,Experience Manager (AEM) Forms,,Unknown,1
CVE-2025-54309,2025-07-18,2025-07-22,4,9.8,CRITICAL,nvd@nist.gov,1,CrushFTP,CrushFTP,CWE-420,Unknown,1
CVE-2025-54313,2025-07-19,2026-01-22,187,7.5,HIGH,cve@mitre.org,0,Prettier,eslint-config-prettier,CWE-506,Unknown,1
CVE-2025-54948,2025-08-05,2025-08-18,13,9.8,CRITICAL,nvd@nist.gov,1,Trend Micro,Apex One,CWE-78,Unknown,1
CVE-2025-55177,2025-08-29,2025-09-02,4,5.4,MEDIUM,cve-assign@fb.com,0,Meta Platforms,WhatsApp,CWE-863,Unknown,1
CVE-2025-55182,2025-12-03,2025-12-05,2,10.0,CRITICAL,cve-assign@fb.com,0,Meta,React Server Components,,Known,1
CVE-2025-5777,2025-06-17,2025-07-10,23,7.5,HIGH,nvd@nist.gov,1,Citrix,NetScaler ADC and Gateway,CWE-125,Known,1
CVE-2025-57819,2025-08-28,2025-08-29,1,9.8,CRITICAL,nvd@nist.gov,1,Sangoma,FreePBX,CWE-89,Unknown,1
CVE-2025-58034,2025-11-18,2025-11-18,0,7.2,HIGH,psirt@fortinet.com,0,Fortinet,FortiWeb,CWE-78,Unknown,1
CVE-2025-58360,2025-11-25,2025-12-11,16,9.8,CRITICAL,nvd@nist.gov,1,OSGeo,GeoServer,CWE-611,Unknown,1
CVE-2025-59230,2025-10-14,2025-10-14,0,7.8,HIGH,secure@microsoft.com,0,Microsoft,Windows,CWE-284,Unknown,1
CVE-2025-59287,2025-10-14,2025-10-24,10,9.8,CRITICAL,secure@microsoft.com,0,Microsoft,Windows,CWE-502,Unknown,1
CVE-2025-59374,2025-12-17,2025-12-17,0,9.8,CRITICAL,nvd@nist.gov,1,ASUS,Live Update,CWE-506,Unknown,1
CVE-2025-59689,2025-09-19,2025-09-29,10,6.1,MEDIUM,cve@mitre.org,0,Libraesva,Email Security Gateway,CWE-77,Unknown,1
CVE-2025-59718,2025-12-09,2025-12-16,7,9.8,CRITICAL,psirt@fortinet.com,0,Fortinet,Multiple Products,CWE-347,Unknown,1
CVE-2025-60710,2025-11-11,2026-04-13,153,7.8,HIGH,secure@microsoft.com,0,Microsoft,Windows,CWE-59,Known,1
CVE-2025-61757,2025-10-21,2025-11-21,31,9.8,CRITICAL,secalert_us@oracle.com,0,Oracle,Fusion Middleware,CWE-306,Unknown,1
CVE-2025-61882,2025-10-05,2025-10-06,1,9.8,CRITICAL,secalert_us@oracle.com,0,Oracle,E-Business Suite,,Known,1
CVE-2025-61884,2025-10-12,2025-10-20,8,7.5,HIGH,secalert_us@oracle.com,0,Oracle,E-Business Suite,CWE-918,Known,1
CVE-2025-61932,2025-10-20,2025-10-22,2,,,,,Motex,LANSCOPE Endpoint Manager,CWE-940,Unknown,0
CVE-2025-6204,2025-08-04,2025-10-28,85,8.0,HIGH,3DS.Information-Security@3ds.com,0,Dassault Systèmes,DELMIA Apriso,CWE-94,Unknown,1
CVE-2025-6205,2025-08-04,2025-10-28,85,9.1,CRITICAL,3DS.Information-Security@3ds.com,0,Dassault Systèmes,DELMIA Apriso,CWE-862,Unknown,1
CVE-2025-6218,2025-06-21,2025-12-09,171,,,,,RARLAB,WinRAR,CWE-22,Unknown,0
CVE-2025-62215,2025-11-11,2025-11-12,1,7.0,HIGH,secure@microsoft.com,0,Microsoft,Windows,CWE-362,Unknown,1
CVE-2025-62221,2025-12-09,2025-12-09,0,7.8,HIGH,secure@microsoft.com,0,Microsoft,Windows,CWE-416,Unknown,1
CVE-2025-62593,2025-11-26,2026-08-17,264,8.8,HIGH,nvd@nist.gov,1,Ray-Project,Ray,CWE-94,Unknown,1
CVE-2025-64328,2025-11-07,2026-02-03,88,7.2,HIGH,nvd@nist.gov,1,Sangoma,FreePBX ,CWE-78,Unknown,1
CVE-2025-64446,2025-11-14,2025-11-14,0,9.8,CRITICAL,psirt@fortinet.com,0,Fortinet,FortiWeb,CWE-23,Unknown,1
CVE-2025-6543,2025-06-25,2025-06-30,5,9.8,CRITICAL,nvd@nist.gov,1,Citrix,NetScaler ADC and Gateway,CWE-119,Unknown,1
CVE-2025-6554,2025-06-30,2025-07-02,2,8.1,HIGH,134c704f-9b21-4f2e-91b3-4a467353bcc0,0,Google,Chromium V8,CWE-843,Unknown,1
CVE-2025-6558,2025-07-15,2025-07-22,7,8.8,HIGH,134c704f-9b21-4f2e-91b3-4a467353bcc0,0,Google,Chromium,CWE-20,Unknown,1
CVE-2025-66376,2026-01-05,2026-03-18,72,6.1,MEDIUM,nvd@nist.gov,1,Synacor,Zimbra Collaboration Suite (ZCS),CWE-79,Unknown,1
CVE-2025-66644,2025-12-05,2025-12-08,3,9.8,CRITICAL,nvd@nist.gov,1,Array Networks ,ArrayOS AG,CWE-78,Unknown,1
CVE-2025-67038,2026-03-11,2026-06-23,104,9.8,CRITICAL,ics-cert@hq.dhs.gov,0,Lantronix,EDS5000,CWE-78,Unknown,1
CVE-2025-68461,2025-12-18,2026-02-20,64,6.1,MEDIUM,nvd@nist.gov,1,Roundcube,Webmail,CWE-79,Unknown,1
CVE-2025-68613,2025-12-19,2026-03-11,82,8.8,HIGH,nvd@nist.gov,1,n8n,n8n,CWE-913,Unknown,1
CVE-2025-68645,2025-12-22,2026-01-22,31,8.8,HIGH,134c704f-9b21-4f2e-91b3-4a467353bcc0,0,Synacor, Zimbra Collaboration Suite (ZCS),CWE-98,Unknown,1
CVE-2025-68686,2026-02-10,2026-07-27,167,5.9,MEDIUM,psirt@fortinet.com,0,Fortinet,FortiOS,CWE-200,Unknown,1
CVE-2025-7775,2025-08-26,2025-08-26,0,9.8,CRITICAL,nvd@nist.gov,1,Citrix,NetScaler,CWE-119,Unknown,1
CVE-2025-8088,2025-08-08,2025-08-12,4,8.8,HIGH,nvd@nist.gov,1,RARLAB,WinRAR,CWE-35,Known,1
CVE-2025-8110,2025-12-10,2026-01-12,33,8.8,HIGH,nvd@nist.gov,1,Gogs,Gogs,CWE-22,Unknown,1
CVE-2025-8875,2025-08-14,2025-08-13,-1,7.8,HIGH,nvd@nist.gov,1,N-able,N-Central,,Unknown,1
CVE-2025-8876,2025-08-14,2025-08-13,-1,8.8,HIGH,nvd@nist.gov,1,N-able,N-Central,,Unknown,1
CVE-2025-9242,2025-09-17,2025-11-12,56,9.8,CRITICAL,nvd@nist.gov,1,WatchGuard,Firebox,CWE-787,Unknown,1
CVE-2025-9377,2025-08-29,2025-09-03,5,7.2,HIGH,nvd@nist.gov,1,TP-Link,Multiple Routers,CWE-78,Unknown,1
CVE-2026-0257,2026-05-13,2026-05-29,16,9.1,CRITICAL,nvd@nist.gov,1,Palo Alto Networks,PAN-OS,CWE-565,Known,1
CVE-2026-0300,2026-05-06,2026-05-06,0,9.8,CRITICAL,nvd@nist.gov,1,Palo Alto Networks,PAN-OS,CWE-787,Unknown,1
CVE-2026-0770,2026-01-23,2026-07-21,179,,,,,Langflow,Langflow,CWE-829,Unknown,0
CVE-2026-10520,2026-06-09,2026-06-11,2,10.0,CRITICAL,3c1d8aa1-5a33-4ea4-8992-aadd6440af75,0,Ivanti,Sentry,CWE-78,Unknown,1
CVE-2026-11645,2026-06-09,2026-06-09,0,8.8,HIGH,134c704f-9b21-4f2e-91b3-4a467353bcc0,0,Google,Chromium V8,CWE-787,Unknown,1
CVE-2026-12569,2026-06-18,2026-06-25,7,9.8,CRITICAL,nvd@nist.gov,1,PTC,Windchill and FlexPLM,CWE-20,Known,1
CVE-2026-1281,2026-01-29,2026-01-29,0,9.8,CRITICAL,3c1d8aa1-5a33-4ea4-8992-aadd6440af75,0,Ivanti,Endpoint Manager Mobile (EPMM),CWE-94,Unknown,1
CVE-2026-1340,2026-01-29,2026-04-08,69,9.8,CRITICAL,3c1d8aa1-5a33-4ea4-8992-aadd6440af75,0,Ivanti,Endpoint Manager Mobile (EPMM),CWE-94,Unknown,1
CVE-2026-15409,2026-07-14,2026-07-14,0,10.0,CRITICAL,134c704f-9b21-4f2e-91b3-4a467353bcc0,0,SonicWall,SMA1000 Appliances,CWE-918,Known,1
CVE-2026-15410,2026-07-14,2026-07-14,0,7.2,HIGH,134c704f-9b21-4f2e-91b3-4a467353bcc0,0,SonicWall,SMA1000 Appliances,CWE-94,Known,1
CVE-2026-1603,2026-02-10,2026-03-09,27,7.5,HIGH,nvd@nist.gov,1,Ivanti, Endpoint Manager (EPM),CWE-288,Unknown,1
CVE-2026-16232,2026-07-22,2026-07-22,0,9.8,CRITICAL,nvd@nist.gov,1,Check Point,SmartConsole,CWE-287,Unknown,1
CVE-2026-16812,2026-07-27,2026-07-27,0,10.0,CRITICAL,psirt@arista.com,0,Arista,VeloCloud Orchestrator,CWE-78,Unknown,1
CVE-2026-1731,2026-02-06,2026-02-13,7,9.8,CRITICAL,nvd@nist.gov,1,BeyondTrust,Remote Support (RS) and Privileged Remote Access (PRA),CWE-78,Known,1
CVE-2026-18556,2026-08-01,2026-08-04,3,7.4,HIGH,nvd@nist.gov,1,N-able,N-central,CWE-288,Unknown,1
CVE-2026-18577,2026-08-02,2026-08-03,1,8.1,HIGH,nvd@nist.gov,1,N-able,N-central,CWE-288,Unknown,1
CVE-2026-20045,2026-01-21,2026-01-21,0,9.8,CRITICAL,nvd@nist.gov,1,Cisco,Unified Communications Manager,CWE-94,Unknown,1
CVE-2026-20122,2026-02-25,2026-04-20,54,5.4,MEDIUM,nvd@nist.gov,1,Cisco,Catalyst SD-WAN Manger,CWE-648,Unknown,1
CVE-2026-20127,2026-02-25,2026-02-25,0,10.0,CRITICAL,nvd@nist.gov,1,Cisco,Catalyst SD-WAN Controller and Manager,CWE-287,Unknown,1
CVE-2026-20128,2026-02-25,2026-04-20,54,7.5,HIGH,psirt@cisco.com,0,Cisco,Catalyst SD-WAN Manager,CWE-257,Unknown,1
CVE-2026-20131,2026-03-04,2026-03-19,15,10.0,CRITICAL,psirt@cisco.com,0,Cisco,Secure Firewall Management Center (FMC),CWE-502,Known,1
CVE-2026-20133,2026-02-25,2026-04-20,54,7.5,HIGH,nvd@nist.gov,1,Cisco,Catalyst SD-WAN Manager,CWE-200,Unknown,1
CVE-2026-20182,2026-05-14,2026-05-14,0,10.0,CRITICAL,psirt@cisco.com,0,Cisco,Catalyst SD-WAN,CWE-287,Unknown,1
CVE-2026-20230,2026-06-03,2026-06-25,22,8.6,HIGH,psirt@cisco.com,0,Cisco,Unified Communications Manager,CWE-918,Unknown,1
CVE-2026-20245,2026-06-04,2026-06-09,5,7.8,HIGH,psirt@cisco.com,0,Cisco,Catalyst SD-WAN Manager,CWE-116,Unknown,1
CVE-2026-20253,2026-06-10,2026-06-18,8,9.8,CRITICAL,psirt@cisco.com,0,Splunk,Enterprise,CWE-306,Unknown,1
CVE-2026-20262,2026-06-15,2026-06-15,0,6.5,MEDIUM,psirt@cisco.com,0,Cisco,Catalyst SD-WAN Manager,CWE-22,Unknown,1
CVE-2026-20316,2026-07-29,2026-07-29,0,5.3,MEDIUM,psirt@cisco.com,0,Cisco,Secure Firewall Management Center (FMC),CWE-259,Unknown,1
CVE-2026-20349,2026-08-11,2026-08-11,0,8.6,HIGH,psirt@cisco.com,0,Cisco,Secure Firewall Adaptive Security Appliance (ASA) and Secure Firewall Threat Defense (FTD) ,CWE-244,Unknown,1
CVE-2026-20700,2026-02-11,2026-02-12,1,7.8,HIGH,134c704f-9b21-4f2e-91b3-4a467353bcc0,0,Apple,Multiple Products,CWE-119,Unknown,1
CVE-2026-20805,2026-01-13,2026-01-13,0,5.5,MEDIUM,secure@microsoft.com,0,Microsoft,Windows,CWE-200,Unknown,1
CVE-2026-20963,2026-01-13,2026-03-18,64,9.8,CRITICAL,secure@microsoft.com,0,Microsoft,SharePoint,CWE-502,Unknown,1
CVE-2026-21385,2026-03-02,2026-03-03,1,7.8,HIGH,product-security@qualcomm.com,0,Qualcomm,Multiple Chipsets,CWE-190,Unknown,1
CVE-2026-21509,2026-01-26,2026-01-26,0,7.8,HIGH,secure@microsoft.com,0,Microsoft,Office,CWE-807,Unknown,1
CVE-2026-21510,2026-02-10,2026-02-10,0,8.8,HIGH,secure@microsoft.com,0,Microsoft,Windows,CWE-693,Unknown,1
CVE-2026-21513,2026-02-10,2026-02-10,0,8.8,HIGH,secure@microsoft.com,0,Microsoft,Windows,CWE-693,Unknown,1
CVE-2026-21514,2026-02-10,2026-02-10,0,7.8,HIGH,secure@microsoft.com,0,Microsoft,Office,CWE-807,Unknown,1
CVE-2026-21519,2026-02-10,2026-02-10,0,7.8,HIGH,secure@microsoft.com,0,Microsoft,Windows,CWE-843,Unknown,1
CVE-2026-21525,2026-02-10,2026-02-10,0,6.2,MEDIUM,secure@microsoft.com,0,Microsoft,Windows,CWE-476,Unknown,1
CVE-2026-21533,2026-02-10,2026-02-10,0,7.8,HIGH,secure@microsoft.com,0,Microsoft,Windows,CWE-269,Unknown,1
CVE-2026-21643,2026-02-06,2026-04-13,66,9.8,CRITICAL,psirt@fortinet.com,0,Fortinet,FortiClient EMS,CWE-89,Unknown,1
CVE-2026-21962,2026-01-20,2026-08-24,216,10.0,CRITICAL,secalert_us@oracle.com,0,Oracle,HTTP Server and Oracle Weblogic Server Proxy Plug-in,CWE-284,Unknown,1
CVE-2026-22719,2026-02-25,2026-03-03,6,8.1,HIGH,security@vmware.com,0,Broadcom,VMware Aria Operations,CWE-77,Unknown,1
CVE-2026-22769,2026-02-17,2026-02-18,1,10.0,CRITICAL,nvd@nist.gov,1,Dell,RecoverPoint for Virtual Machines (RP4VMs),CWE-798,Unknown,1
CVE-2026-23760,2026-01-22,2026-01-26,4,9.8,CRITICAL,nvd@nist.gov,1,SmarterTools,SmarterMail,CWE-288,Known,1
CVE-2026-24061,2026-01-21,2026-01-26,5,9.8,CRITICAL,cve@mitre.org,0,GNU,InetUtils,CWE-88,Unknown,1
CVE-2026-2441,2026-02-13,2026-02-17,4,8.8,HIGH,nvd@nist.gov,1,Google,Chromium,CWE-416,Unknown,1
CVE-2026-24423,2026-01-23,2026-02-05,13,9.8,CRITICAL,nvd@nist.gov,1,SmarterTools,SmarterMail,CWE-306,Known,1
CVE-2026-24858,2026-01-27,2026-01-27,0,9.8,CRITICAL,psirt@fortinet.com,0,Fortinet,Multiple Products,CWE-288,Unknown,1
CVE-2026-25089,2026-06-09,2026-07-16,37,9.8,CRITICAL,psirt@fortinet.com,0,Fortinet,FortiSandbox,CWE-78,Unknown,1
CVE-2026-25108,2026-02-13,2026-02-24,11,8.8,HIGH,nvd@nist.gov,1,Soliton Systems K.K,FileZen,CWE-78,Unknown,1
CVE-2026-28318,2026-06-04,2026-06-05,1,7.5,HIGH,psirt@solarwinds.com,0,SolarWinds,Serv-U,CWE-400,Unknown,1
CVE-2026-3055,2026-03-23,2026-03-30,7,9.8,CRITICAL,nvd@nist.gov,1,Citrix,NetScaler,CWE-125,Unknown,1
CVE-2026-31431,2026-04-22,2026-05-01,9,7.8,HIGH,416baaa9-dc9f-4396-8d5f-8c081fb06d67,0,Linux,Kernel,CWE-669,Unknown,1
CVE-2026-32201,2026-04-14,2026-04-14,0,6.5,MEDIUM,nvd@nist.gov,1,Microsoft,SharePoint Server,CWE-20,Unknown,1
CVE-2026-32202,2026-04-14,2026-04-28,14,4.3,MEDIUM,secure@microsoft.com,0,Microsoft,Windows,CWE-693,Unknown,1
CVE-2026-33017,2026-03-20,2026-03-25,5,9.8,CRITICAL,nvd@nist.gov,1,Langflow,Langflow,CWE-94,Unknown,1
CVE-2026-33634,2026-03-23,2026-03-26,3,8.8,HIGH,nvd@nist.gov,1,Aquasecurity,Trivy,CWE-506,Unknown,1
CVE-2026-33824,2026-04-14,2026-08-18,126,9.8,CRITICAL,secure@microsoft.com,0,Microsoft,Internet Key Exchange (IKE) Service Extensions,CWE-415,Unknown,1
CVE-2026-33825,2026-04-14,2026-04-22,8,7.8,HIGH,secure@microsoft.com,0,Microsoft,Defender,CWE-1220,Known,1
CVE-2026-34197,2026-04-07,2026-04-16,9,8.8,HIGH,134c704f-9b21-4f2e-91b3-4a467353bcc0,0,Apache,ActiveMQ,CWE-20,Unknown,1
CVE-2026-34486,2026-04-09,2026-08-04,117,7.5,HIGH,134c704f-9b21-4f2e-91b3-4a467353bcc0,0,Apache,Tomcat,CWE-311,Unknown,1
CVE-2026-34621,2026-04-11,2026-04-13,2,8.6,HIGH,psirt@adobe.com,0,Adobe,Acrobat and Reader,CWE-1321,Unknown,1
CVE-2026-34908,2026-05-22,2026-06-23,32,10.0,CRITICAL,support@hackerone.com,0,Ubiquiti,UniFi OS,CWE-284,Unknown,1
CVE-2026-34909,2026-05-22,2026-06-23,32,10.0,CRITICAL,support@hackerone.com,0,Ubiquiti,UniFi OS,CWE-22,Unknown,1
CVE-2026-34910,2026-05-22,2026-06-23,32,10.0,CRITICAL,support@hackerone.com,0,Ubiquiti,UniFi OS,CWE-20,Unknown,1
CVE-2026-34926,2026-05-21,2026-05-21,0,6.7,MEDIUM,security@trendmicro.com,0,Trend Micro,Apex One,CWE-23,Unknown,1
CVE-2026-3502,2026-03-30,2026-04-02,3,7.8,HIGH,cve@checkpoint.com,0,TrueConf,Client,CWE-494,Unknown,1
CVE-2026-35273,2026-06-11,2026-06-12,1,9.8,CRITICAL,secalert_us@oracle.com,0,Oracle, PeopleSoft Enterprise PeopleTools,CWE-306,Known,1
CVE-2026-35616,2026-04-04,2026-04-06,2,9.8,CRITICAL,psirt@fortinet.com,0,Fortinet,FortiClient EMS,CWE-284,Unknown,1
CVE-2026-3909,2026-03-13,2026-03-13,0,8.8,HIGH,nvd@nist.gov,1,Google,Skia,CWE-787,Unknown,1
CVE-2026-3910,2026-03-13,2026-03-13,0,8.8,HIGH,nvd@nist.gov,1,Google,Chromium V8,CWE-119,Unknown,1
CVE-2026-39808,2026-04-14,2026-07-16,93,9.8,CRITICAL,psirt@fortinet.com,0,Fortinet,FortiSandbox,CWE-78,Unknown,1
CVE-2026-39987,2026-04-09,2026-04-23,14,9.8,CRITICAL,nvd@nist.gov,1,Marimo,Marimo,CWE-306,Unknown,1
CVE-2026-41091,2026-05-20,2026-05-20,0,7.8,HIGH,secure@microsoft.com,0,Microsoft,Defender,CWE-59,Unknown,1
CVE-2026-41940,2026-04-29,2026-04-30,1,9.8,CRITICAL,disclosure@vulncheck.com,0,WebPros,cPanel & WHM and WP2 (WordPress Squared),CWE-306,Known,1
CVE-2026-42208,2026-05-08,2026-05-08,0,9.8,CRITICAL,nvd@nist.gov,1,BerriAI,LiteLLM,CWE-89,Unknown,1
CVE-2026-42271,2026-05-08,2026-06-08,31,8.8,HIGH,nvd@nist.gov,1,BerriAI,LiteLLM,CWE-78,Unknown,1
CVE-2026-42897,2026-05-14,2026-05-15,1,6.1,MEDIUM,nvd@nist.gov,1,Microsoft,Microsoft,CWE-79,Unknown,1
CVE-2026-45247,2026-05-26,2026-06-03,8,9.8,CRITICAL,disclosure@vulncheck.com,0,Mirasvit,Mirasvit Full Page Cache Warmer,CWE-502,Unknown,1
CVE-2026-45321,2026-05-12,2026-05-27,15,9.6,CRITICAL,security-advisories@github.com,0,TanStack,TanStack,,Known,1
CVE-2026-45498,2026-05-20,2026-05-20,0,7.5,HIGH,nvd@nist.gov,1,Microsoft,Defender,,Unknown,1
CVE-2026-45659,2026-05-22,2026-07-01,40,8.8,HIGH,secure@microsoft.com,0,Microsoft,SharePoint Server,CWE-502,Known,1
CVE-2026-46817,2026-05-28,2026-07-15,48,9.8,CRITICAL,secalert_us@oracle.com,0,Oracle,E-Business Suite,CWE-269,Unknown,1
CVE-2026-48027,2026-05-27,2026-05-27,0,9.8,CRITICAL,nvd@nist.gov,1,Nx,Nx Console,CWE-506,Known,1
CVE-2026-48172,2026-05-21,2026-05-26,5,9.8,CRITICAL,nvd@nist.gov,1,LiteSpeed,cPanel Plugin,CWE-266,Unknown,1
CVE-2026-48282,2026-06-30,2026-07-07,7,10.0,CRITICAL,psirt@adobe.com,0,Adobe,ColdFusion,CWE-22,Unknown,1
CVE-2026-48558,2026-06-12,2026-06-29,17,10.0,CRITICAL,disclosure@vulncheck.com,0,SimpleHelp ,SimpleHelp,CWE-347,Unknown,1
CVE-2026-48710,2026-05-26,2026-09-02,99,6.5,MEDIUM,nvd@nist.gov,1,Kludex,Starlette,CWE-444,Unknown,1
CVE-2026-48907,2026-06-05,2026-06-16,11,9.8,CRITICAL,nvd@nist.gov,1,Widget Factory,Joomla Content Editor ,CWE-284,Unknown,1
CVE-2026-48908,2026-06-20,2026-07-07,17,9.8,CRITICAL,nvd@nist.gov,1,JoomShaper,SP Page Builder,CWE-434,Unknown,1
CVE-2026-48939,2026-06-20,2026-07-10,20,9.8,CRITICAL,nvd@nist.gov,1,iCagenda,iCagenda,CWE-434,Unknown,1
CVE-2026-49869,2026-06-26,2026-09-02,68,10.0,CRITICAL,security-advisories@github.com,0,Kestra,Kestra OSS,CWE-78,Unknown,1
CVE-2026-50522,2026-07-14,2026-07-22,8,9.8,CRITICAL,secure@microsoft.com,0,Microsoft,SharePoint,CWE-502,Unknown,1
CVE-2026-50751,2026-06-08,2026-06-08,0,9.3,CRITICAL,134c704f-9b21-4f2e-91b3-4a467353bcc0,0,Check Point,Security Gateway,CWE-287,Known,1
CVE-2026-5281,2026-04-01,2026-04-01,0,8.8,HIGH,134c704f-9b21-4f2e-91b3-4a467353bcc0,0,Google,Dawn,CWE-416,Unknown,1
CVE-2026-53362,2026-07-04,2026-08-27,54,7.8,HIGH,416baaa9-dc9f-4396-8d5f-8c081fb06d67,0,Linux,Kernel,,Unknown,1
CVE-2026-54420,2026-06-14,2026-06-15,1,8.5,HIGH,cve@mitre.org,0,LiteSpeed,cPanel Plugin,CWE-61,Unknown,1
CVE-2026-55040,2026-07-14,2026-08-18,35,9.1,CRITICAL,secure@microsoft.com,0,Microsoft,SharePoint,CWE-1390,Unknown,1
CVE-2026-55255,2026-06-23,2026-07-07,14,8.4,HIGH,security-advisories@github.com,0,Langflow,Langflow,CWE-639,Unknown,1
CVE-2026-56155,2026-07-14,2026-07-14,0,7.8,HIGH,secure@microsoft.com,0,Microsoft,Active Directory Federation Services,CWE-1220,Unknown,1
CVE-2026-56164,2026-07-14,2026-07-14,0,9.8,CRITICAL,nvd@nist.gov,1,Microsoft,SharePoint Server,CWE-306,Unknown,1
CVE-2026-56290,2026-06-29,2026-07-07,8,9.8,CRITICAL,nvd@nist.gov,1,Joomlack,Page Builder,CWE-284,Unknown,1
CVE-2026-56291,2026-07-09,2026-07-10,1,9.8,CRITICAL,nvd@nist.gov,1,Balbooa,Forms,CWE-434,Unknown,1
CVE-2026-58644,2026-07-14,2026-07-16,2,9.8,CRITICAL,secure@microsoft.com,0,Microsoft,SharePoint,CWE-502,Unknown,1
CVE-2026-59310,2026-07-30,2026-08-18,19,9.8,CRITICAL,security@vmware.com,0,Broadcom,VMware vCenter,CWE-22,Unknown,1
CVE-2026-59822,2026-07-08,2026-09-02,56,8.2,HIGH,nvd@nist.gov,1,BerriAI,LiteLLM,CWE-287,Unknown,1
CVE-2026-60004,2026-08-26,2026-08-25,-1,9.8,CRITICAL,cve@mitre.org,0,Gitea,Gitea,CWE-94,Unknown,1
CVE-2026-60137,2026-07-17,2026-07-21,4,5.9,MEDIUM,contact@wpscan.com,0,WordPress,Core,CWE-89,Unknown,1
CVE-2026-63030,2026-07-17,2026-07-21,4,9.8,CRITICAL,contact@wpscan.com,0,WordPress,Core,CWE-436,Unknown,1
CVE-2026-63077,2026-07-27,2026-08-05,9,9.8,CRITICAL,cve@jetbrains.com,0,JetBrains,TeamCity,CWE-502,Unknown,1
CVE-2026-64849,2026-08-17,2026-08-19,2,9.3,CRITICAL,security-advisories@github.com,0,MLflow,MLflow,CWE-918,Unknown,1
CVE-2026-65400,2026-08-06,2026-08-18,12,9.8,CRITICAL,134c704f-9b21-4f2e-91b3-4a467353bcc0,0,Apple,macOS,CWE-287,Unknown,1
CVE-2026-66384,2026-08-12,2026-08-27,15,5.3,MEDIUM,reefs@jfrog.com,0,JFrog,Artifactory,CWE-22,Unknown,1
CVE-2026-68820,2026-08-11,2026-08-11,0,7.0,HIGH,secure@microsoft.com,0,Microsoft,Windows Ancillary Function Driver for WinSock ,CWE-416,Unknown,1
CVE-2026-6973,2026-05-07,2026-05-07,0,7.2,HIGH,3c1d8aa1-5a33-4ea4-8992-aadd6440af75,0,Ivanti,Endpoint Manager Mobile (EPMM),CWE-20,Unknown,1
CVE-2026-72529,2026-08-19,2026-08-20,1,9.8,CRITICAL,vulnerability@kaspersky.com,0,TrueConf,Server,CWE-306,Unknown,1
CVE-2026-72530,2026-08-19,2026-08-20,1,9.0,CRITICAL,vulnerability@kaspersky.com,0,TrueConf,Server,CWE-94,Unknown,1
CVE-2026-72898,2026-08-10,2026-08-11,1,10.0,CRITICAL,9119a7d8-5eab-497f-8521-727c672e3725,0,Metabase,Metabase,CWE-89,Unknown,1
CVE-2026-73570,2026-08-13,2026-08-21,8,8.9,HIGH,cve@mitre.org,0,Synacor,Zimbra Collaboration Suite (ZCS),CWE-78,Unknown,1
CVE-2026-7473,2026-06-05,2026-06-09,4,5.8,MEDIUM,psirt@arista.com,0,Arista,Extensible Operating System,CWE-1023,Unknown,1
CVE-2026-8037,2026-06-04,2026-08-07,64,9.8,CRITICAL,nvd@nist.gov,1,Progress,LoadMaster,CWE-77,Unknown,1
CVE-2026-81578,2026-08-28,2026-08-31,3,9.8,CRITICAL,nvd@nist.gov,1,PaperCut,NG/MF,CWE-306,Unknown,1
CVE-2026-82078,2026-08-28,2026-08-31,3,9.1,CRITICAL,nvd@nist.gov,1,PaperCut,NG/MF,CWE-470,Unknown,1
CVE-2026-82329,2026-08-28,2026-09-02,5,9.8,CRITICAL,reefs@jfrog.com,0,JFrog,Artifactory,CWE-287,Unknown,1
CVE-2026-83548,2026-09-01,2026-09-02,1,10.0,CRITICAL,134c704f-9b21-4f2e-91b3-4a467353bcc0,0,SonicWall,SMA1000 Appliances,CWE-918,Unknown,1
CVE-2026-83549,2026-09-01,2026-09-02,1,7.8,HIGH,134c704f-9b21-4f2e-91b3-4a467353bcc0,0,SonicWall,SMA1000 Appliances,CWE-78,Unknown,1
CVE-2026-8398,2026-05-15,2026-05-27,12,9.8,CRITICAL,vulnerability@kaspersky.com,0,Daemon,Daemon Tools Lite,CWE-506,Unknown,1
CVE-2026-8452,2026-06-30,2026-08-26,57,9.8,CRITICAL,nvd@nist.gov,1,Citrix,NetScaler ADC and NetScaler Gateway,CWE-119,Unknown,1
CVE-2026-85046,2026-09-03,2026-09-04,1,8.8,HIGH,134c704f-9b21-4f2e-91b3-4a467353bcc0,0,Google,Chromium V8,CWE-843,Unknown,1
CVE-2026-9082,2026-05-20,2026-05-22,2,9.8,CRITICAL,mlhess@drupal.org,0,Drupal,Core,CWE-89,Unknown,1
CVE-2026-9198,2026-07-17,2026-08-04,18,9.8,CRITICAL,psirt@us.ibm.com,0,IBM,Langflow,CWE-94,Unknown,1
CVE-2026-9586,2026-07-17,2026-09-02,47,9.8,CRITICAL,nvd@nist.gov,1,Sangoma,Switchvox,CWE-89,Unknown,1
